model_code,sku,productidweb,category_code,brand_id,brand,Sản xuất tại,Điện năng tiêu thụ,Chất liệu thân vỏ,Số người sử dụng,Công nghệ tiết kiệm điện,Tiện ích,Cao,Ngang,Sâu,Khối lượng máy,Dòng sản phẩm,Loại sản phẩm,Bảng điều khiển,Khối lượng tải chính,Công nghệ,Chất liệu ruột,Động cơ,Dài ống xả nước,Nhiệt độ tối đa,Dài ống thoát khí,Chất liệu cửa,Cảm biến,giá gốc,giá khuyến mãi,khuyến mãi quà
180190,4844743000039,99999,116,201,Lumias,Trung Quốc,800W,,Từ 1 - 2 người (Dưới 4 kg),,Khử trùng bằng tia cực tím | Kiểm soát nhiệt độ với 2 luồng khí lạnh và ấm | Thiết kế đường dẫn luồng khí trục | Loại bỏ mùi hôi bằng hơi nước | Sấy nhanh 30 phút | Công nghệ sấy PTC không đốt cháy | Hệ thống lọc kép,48,40,56,14,2025,Sấy thông hơi,Nút bấm,4,,Thép không gỉ,Hãng không công bố,Không,60°C,13,,,,,
180191,4844743000040,341056,116,201,Lumias,Trung Quốc,800W,,Từ 1 - 2 người (Dưới 4 kg),,Hẹn giờ sấy | Khử trùng bằng tia cực tím | Công nghệ sấy PTC không đốt cháy,48,40,56,14,2025,Sấy thông hơi,Nút bấm,4,,Thép không gỉ,Hãng không công bố,Không,60°C,13,,,5990000,5990000,"Cơ hội trúng tủ chăm sóc quần áo trị giá 58 triệu đồng. (Xem chi tiết tại đây) | Phiếu mua hàng giảm 10% tối đa 300,000đ mua đèn năng lượng mặt trời | Phiếu mua hàng mua Pin tiểu (đơn hàng từ 80.000đ trở lên) trị giá 20.000đ"
180695,1753659000027,362155,116,18,Hisense,Trung Quốc,650W,Kim loại phủ sơn (PCM),Từ 3 - 5 người (8 - 9 kg),Không có,Vòng đệm cửa kháng khuẩn | Hẹn giờ hoàn thành | Chống dị ứng | Tạm dừng thêm quần áo | Sấy chống nhăn | Điều chỉnh mức độ | Khóa trẻ em,84,59,55,46,2026,Sấy bơm nhiệt,"Song ngữ Anh - Việt, nút nhấn, núm xoay, có màn hình hiển thị",8 Kg,Steam Refresh sấy hơi nước làm mới quần áo | Công nghệ Allergy Care diệt khuẩn | Sấy kép Dual Hygiene Steam | Sấy đa chiều xoắn ốc,Thép mạ nhôm Silic,Truyền động gián tiếp (Dây curoa),200,65°C,,Kính chịu lực,Có,12990000,7990000,"Cơ hội trúng tủ chăm sóc quần áo trị giá 58 triệu đồng. (Xem chi tiết tại đây) | 1 đổi 1 trong vòng 180 ngày (Lỗi do NSX) (Xem chi tiết tại đây) | Phiếu mua hàng giảm 10% tối đa 300,000đ mua đèn năng lượng mặt trời | Miễn phí công lắp đặt | Phiếu mua hàng mua Pin tiểu (đơn hàng từ 80.000đ trở lên) trị giá 20.000đ"
180693,1751099000201,362081,116,10,Casper,Trung Quốc,2000W,Kim loại phủ sơn (PCM),Từ 3 - 5 người (8 - 9 kg),Không có,"Chống nhăn | Tự khởi động lại khi có điện | Hẹn giờ sấy | Đèn báo vệ sinh bộ lọc | Bộ lọc xơ vải | Đèn chiếu sáng lồng sấy | Cảm biến nhiệt, độ ẩm | Khóa trẻ em",84,59,55,29,2025,Sấy thông hơi,"Tiếng Việt, nút nhấn, núm xoay, có màn hình hiển thị",9 Kg,Không có,Thép mạ kẽm,Truyền động gián tiếp (Dây curoa),,55°C,160,Nhựa,Có,7990000,6990000,"Cơ hội trúng tủ chăm sóc quần áo trị giá 58 triệu đồng. (Xem chi tiết tại đây) | Phiếu mua hàng giảm 10% tối đa 300,000đ mua đèn năng lượng mặt trời | Miễn phí công lắp đặt | Phiếu mua hàng mua Pin tiểu (đơn hàng từ 80.000đ trở lên) trị giá 20.000đ"
180676,1751099000202,362015,116,10,Casper,Trung Quốc,700W,Kim loại phủ sơn (PCM),Từ 3 - 5 người (8 - 9 kg),Không có,"Chống nhăn | Tự khởi động lại khi có điện | Hẹn giờ sấy | Đèn báo vệ sinh bộ lọc | Âm báo khi kết thúc chu trình sấy | Bộ lọc xơ vải | Sấy nhanh 30 phút | Điều chỉnh mức độ | Cảm biến nhiệt, độ ẩm | Khóa trẻ em",84,59,65,45,2025,Sấy bơm nhiệt,"Tiếng Việt, phím điều khiển cảm ứng, núm xoay, có màn hình hiển thị",9 Kg,Không có,Thép mạ kẽm,Truyền động gián tiếp (Dây curoa),200,55°C,,Nhựa,Có,12980000,9990000,"Cơ hội trúng tủ chăm sóc quần áo trị giá 58 triệu đồng. (Xem chi tiết tại đây) | Phiếu mua hàng giảm 10% tối đa 300,000đ mua đèn năng lượng mặt trời | Miễn phí công lắp đặt | Phiếu mua hàng mua Pin tiểu (đơn hàng từ 80.000đ trở lên) trị giá 20.000đ"
180593,1753659000026,360546,116,187,Aqua,Trung Quốc,650W,Kim loại sơn tĩnh điện,Từ 5 - 7 người (9.5 - 10 kg),Inverter,Điều chỉnh nhiệt độ | Hẹn giờ sấy | Một chạm sấy AI | Sấy chống nhăn | Đèn báo vệ sinh bộ lọc | Bộ lọc xơ vải 4 lớp | Âm báo khi kết thúc chu trình sấy | Kết nối Wi-Fi và điều khiển qua ứng dụng Haismart | Chọn mức độ gió | Đèn chiếu sáng lồng sấy | Khóa trẻ em,85,59,58,47,2025,Sấy bơm nhiệt,Song ngữ Anh - Việt màn hình cảm ứng nhiều màu sắc,10 Kg,Sấy đảo chiều | Cảm biến sấy đa chiều 3D,Thép không gỉ,Truyền động gián tiếp (Dây curoa),131,72°C,,Kính + Nhựa,Có,18990000,14990000,"Cơ hội trúng tủ chăm sóc quần áo trị giá 58 triệu đồng. (Xem chi tiết tại đây) | Phiếu mua hàng giảm 10% tối đa 300,000đ mua đèn năng lượng mặt trời | Miễn phí công lắp đặt | Phiếu mua hàng mua Pin tiểu (đơn hàng từ 80.000đ trở lên) trị giá 20.000đ"
180301,1753659000025,344391,116,133,Bosch,Ba Lan,600W,Thép không gỉ,Từ 3 - 5 người (8 - 9 kg),Inverter,Hẹn giờ hoàn thành | Sấy nửa tải | Kết nối Wifi và điều khiển qua ứng ứng dụng Home Connect | Thiết kế chống rung lắc Anti Vibration | Đèn chiếu sáng lồng sấy | Khóa trẻ em,84,59,61,56,2024,Sấy bơm nhiệt,"Tiếng Anh, phím điều khiển cảm ứng, có màn hình hiển thị",9 Kg,Auto Dry tự động điều chỉnh nhiệt độ sấy phù hợp | Self Cleaning Condenser tự động làm sạch bộ trao đổi nhiệt,Thép không gỉ,EcoSilence Drive,200,70°C,,"Thủy tinh, viền chrome",Có,34900000,34900000,"Cơ hội trúng tủ chăm sóc quần áo trị giá 58 triệu đồng. (Xem chi tiết tại đây) | Phiếu mua hàng giảm 10% tối đa 300,000đ mua đèn năng lượng mặt trời | Miễn phí công lắp đặt | Phiếu mua hàng mua Pin tiểu (đơn hàng từ 80.000đ trở lên) trị giá 20.000đ"
180047,1753659000020,337752,116,11,Toshiba,Trung Quốc,750W,Kim loại sơn tĩnh điện,Từ 5 - 7 người (9.5 - 10 kg),Origin Inverter,Lưu chương trình yêu thích | Hẹn giờ hoàn thành | Sấy chống nhăn | Âm báo khi kết thúc chu trình sấy | Điều chỉnh mức độ | Đèn chiếu sáng lồng sấy | Điều chỉnh thời gian | Điều khiển từ xa qua ứng dụng TSmartLife | Chế độ khử khuẩn | Khóa trẻ em,84,59,65,51,2025,Sấy bơm nhiệt,"Song ngữ Anh - Việt, nút nhấn, núm xoay, cảm ứng có màn hình hiển thị",10 Kg,"Sấy đảo chiều | SenseDry giữ bền màu, bảo vệ sợi vải",Thép không gỉ,Truyền động gián tiếp (Dây curoa),160,Từ 55 - 60°C,,Kính cường lực 2 lớp,Có,17960000,,"Cơ hội trúng tủ chăm sóc quần áo trị giá 58 triệu đồng. (Xem chi tiết tại đây) | Phiếu mua hàng giảm 10% tối đa 300,000đ mua đèn năng lượng mặt trời | Miễn phí công lắp đặt | Phiếu mua hàng mua Pin tiểu (đơn hàng từ 80.000đ trở lên) trị giá 20.000đ"
180000,1753659000018,335687,116,2,Samsung,Trung Quốc,780W - 800W,Thép không gỉ,Từ 3 - 5 người (8 - 9 kg),Digital Inverter,Bảng điều khiển thông minh AI Control | Cửa đảo chiều | Hẹn giờ sấy | Kết nối điện thoại qua app SmartThings | Giá sấy | Đề xuất chế độ sấy phù hợp với chế độ giặt Auto Cycle Link | Bộ lọc xơ vải 2 trong 1 | Đèn chiếu sáng lồng sấy | Khóa trẻ em,85,60,60,54,2025,Sấy bơm nhiệt,"Song ngữ Anh - Việt, phím điều khiển cảm ứng, núm xoay, có màn hình hiển thị",9 Kg,Công nghệ sấy thông minh Optimal Dry | Công nghệ sấy diệt khuẩn Hygiene Care | Công nghệ Wrinkle Prevent chống nhăn,Thép không gỉ,Truyền động gián tiếp (Dây curoa),195,60°C,,Kính chịu lực,Có,24290000,16990000,"Cơ hội trúng tủ chăm sóc quần áo trị giá 58 triệu đồng. (Xem chi tiết tại đây) | Phiếu mua hàng giảm 10% tối đa 300,000đ mua đèn năng lượng mặt trời | Miễn phí công lắp đặt | Phiếu mua hàng mua Pin tiểu (đơn hàng từ 80.000đ trở lên) trị giá 20.000đ"
179999,1753659000019,335684,116,2,Samsung,Trung Quốc,550W - 600W,Thép không gỉ,Từ 3 - 5 người (8 - 9 kg),Digital Inverter,Cửa đảo chiều | Hẹn giờ sấy | Kết nối điện thoại qua app SmartThings | Giá sấy | Đề xuất chế độ sấy phù hợp với chế độ giặt Auto Cycle Link | Bộ lọc xơ vải 2 trong 1 | Đèn chiếu sáng lồng sấy | Khóa trẻ em,85,60,60,54,2025,Sấy bơm nhiệt,"Song ngữ Anh - Việt, phím điều khiển cảm ứng, núm xoay, có màn hình hiển thị",9 Kg,Công nghệ sấy thông minh Optimal Dry | Công nghệ sấy diệt khuẩn Hygiene Care | Công nghệ Wrinkle Prevent chống nhăn,Thép không gỉ,Truyền động gián tiếp (Dây curoa),195,60°C,,Kính chịu lực,Có,21990000,13890000,"Cơ hội trúng tủ chăm sóc quần áo trị giá 58 triệu đồng. (Xem chi tiết tại đây) | Phiếu mua hàng giảm 10% tối đa 300,000đ mua đèn năng lượng mặt trời | Miễn phí công lắp đặt | Phiếu mua hàng mua Pin tiểu (đơn hàng từ 80.000đ trở lên) trị giá 20.000đ"
179998,1753659000017,335679,116,2,Samsung,Trung Quốc,1300W,Thép không gỉ,Từ 5 - 7 người (9.5 - 10 kg),Digital Inverter,Chống nhăn | Bảng điều khiển thông minh AI Control | Hẹn giờ sấy | Kết nối điện thoại qua app SmartThings | Giá sấy | Đề xuất chế độ sấy phù hợp với chế độ giặt Auto Cycle Link | Bộ lọc xơ vải 2 trong 1 | Đèn chiếu sáng lồng sấy | Khóa trẻ em,85,60,60,57,2025,Sấy bơm nhiệt,"Song ngữ Anh - Việt, phím điều khiển cảm ứng, núm xoay, có màn hình hiển thị",10 Kg,Công nghệ sấy thông minh AI Dry | Công nghệ sấy diệt khuẩn Hygiene Care | Công nghệ Wrinkle Prevent chống nhăn,Thép không gỉ,Truyền động gián tiếp (Dây curoa),195,60°C,Không,Kính chịu lực 2 lớp,Có,27790000,19690000,"Cơ hội trúng tủ chăm sóc quần áo trị giá 58 triệu đồng. (Xem chi tiết tại đây) | Phiếu mua hàng giảm 10% tối đa 300,000đ mua đèn năng lượng mặt trời | Miễn phí công lắp đặt | Phiếu mua hàng mua Pin tiểu (đơn hàng từ 80.000đ trở lên) trị giá 20.000đ"
179928,1751099000089,332836,116,7,Panasonic,Trung Quốc,970 W,Kim loại sơn tĩnh điện,Trên 7 người (Trên 10 kg),Inverter,Chẩn đoán lỗi | Hẹn giờ sấy | Giá sấy | Sấy nâng niu + | Sấy ít nhăn | Sấy chống nhăn | Đèn báo vệ sinh bộ lọc | Sấy Eco | Hệ thống lọc ba lớp | Hệ thống tạo hương thơm | Lắp đặt linh hoạt với bộ xếp chồng | Điều chỉnh chế độ | Điều chỉnh mức độ | Đèn chiếu sáng lồng sấy | Điều chỉnh thời gian | Khóa trẻ em,84,59,66,59 kg,2024,Sấy bơm nhiệt,"Tiếng Việt, phím điều khiển cảm ứng, có màn hình hiển thị",10.5 Kg,Cảm biến nhiệt độ lồng sấy | Sấy Nanoe™ X diệt khuẩn | Cảm biến khối lượng quần áo | Cảm biến nhiệt độ quần áo,Thép không gỉ,Truyền động gián tiếp (Dây curoa),200,69°C,,Kính cường lực,Có,38690000,31190000,"Cơ hội trúng tủ chăm sóc quần áo trị giá 58 triệu đồng. (Xem chi tiết tại đây) | Phiếu mua hàng giảm 10% tối đa 300,000đ mua đèn năng lượng mặt trời | Miễn phí công lắp đặt | Phiếu mua hàng mua Pin tiểu (đơn hàng từ 80.000đ trở lên) trị giá 20.000đ"
179865,1753659000005,328610,116,313,Hitachi,Thổ Nhĩ Kỳ,800W,Kim loại sơn tĩnh điện,Từ 5 - 7 người (9.5 - 10 kg),Inverter,Cửa đảo chiều | Đèn báo bình chứa đầy nước | Hẹn giờ hoàn thành | Tự động nạp lại bồn chứa hơi | Vệ sinh bộ ngưng tụ | Sấy chống nhăn | Bộ lọc xơ vải | Kết nối với ứng dụng HomeWhiz App | Đèn chiếu sáng lồng sấy | Khóa trẻ em,84,59,60,44,2024,Sấy bơm nhiệt,"Song ngữ Anh - Việt, phím điều khiển cảm ứng, núm xoay, có màn hình hiển thị",10 Kg,Sấy đảo chiều | Công nghệ Steam & Wear làm mới quần áo,Thép không gỉ,Truyền động gián tiếp (Dây curoa),200,60°C,,Kính cường lực,Có,24590000,16090000,"Cơ hội trúng tủ chăm sóc quần áo trị giá 58 triệu đồng. (Xem chi tiết tại đây) | Phiếu mua hàng giảm 10% tối đa 300,000đ mua đèn năng lượng mặt trời | Miễn phí công lắp đặt | Phiếu mua hàng mua Pin tiểu (đơn hàng từ 80.000đ trở lên) trị giá 20.000đ"
179694,3053659000079,320628,116,133,Bosch,Ba Lan,2800W,,Từ 3 - 5 người (8 - 9 kg),,"Chuông báo lấy quần áo khi kết thúc | EcoSilence - Hoạt động êm ái, hạn chế tiếng ồn | Sấy diệt khuẩn Hygiene | AutoDry - Tự động nhận biết khi đồ khô | Khóa trẻ em",84,59,61,42,2022,Sấy ngưng tụ,"Tiếng Anh, điều khiển cảm ứng, núm xoay, có màn hình hiển thị",9 Kg,,Thép không gỉ,Truyền động gián tiếp (Dây curoa),,75°C,,,,,,
179385,3053659000063,299887,116,133,Bosch,Ba Lan,700W,,Từ 3 - 5 người (8 - 9 kg),,Không có,84,59,59,50,,Sấy bơm nhiệt,"Tiếng Anh, điều khiển cảm ứng, núm xoay, có màn hình hiển thị",9 Kg,,Thép không gỉ,EcoSilence,,60°C,,,,23900000,18490000,"Cơ hội trúng tủ chăm sóc quần áo trị giá 58 triệu đồng. (Xem chi tiết tại đây) | Phiếu mua hàng giảm 10% tối đa 300,000đ mua đèn năng lượng mặt trời | Miễn phí công lắp đặt | Phiếu mua hàng mua Pin tiểu (đơn hàng từ 80.000đ trở lên) trị giá 20.000đ"
179384,3053659000062,299886,116,133,Bosch,Ba Lan,700W,,Từ 3 - 5 người (8 - 9 kg),,Tự động vệ sinh bộ lọc,84,59,59,50,,Sấy bơm nhiệt,,9 Kg,,Thép không gỉ,EcoSilence,,60°C,,,,,,"Cơ hội trúng tủ chăm sóc quần áo trị giá 58 triệu đồng. (Xem chi tiết tại đây) | Phiếu mua hàng giảm 10% tối đa 300,000đ mua đèn năng lượng mặt trời | Miễn phí công lắp đặt | Phiếu mua hàng mua Pin tiểu (đơn hàng từ 80.000đ trở lên) trị giá 20.000đ"
179333,3053659000060,293964,116,187,Aqua,Trung Quốc,550W,,Trên 7 người (Trên 10 kg),,Sấy diệt khuẩn 99.99% | Sấy thông minh AI | Tùy chỉnh thời gian sấy I-Dry | Chăm sóc và sấy khô quần áo I-Refresh | Bộ lọc xơ vải 3 lớp,84,67,59,50,,Sấy bơm nhiệt,"Song ngữ Anh - Việt, phím điều khiển cảm ứng, núm xoay, có màn hình hiển thị",10 Kg,,Kim loại,Truyền động trực tiếp,130,65°C,,,,,,"Cơ hội trúng tủ chăm sóc quần áo trị giá 58 triệu đồng. (Xem chi tiết tại đây) | Phiếu mua hàng giảm 10% tối đa 300,000đ mua đèn năng lượng mặt trời | Miễn phí công lắp đặt | Phiếu mua hàng mua Pin tiểu (đơn hàng từ 80.000đ trở lên) trị giá 20.000đ"
179180,3053659000056,284032,116,315,Electrolux,Ba Lan,2250W,Thép sơn tĩnh điện,Từ 3 - 5 người (8 - 9 kg),Inverter,Lưu chương trình yêu thích | Điều chỉnh nhiệt độ | Hẹn giờ sấy | Sấy chống nhăn | Điều chỉnh mức độ | Điều chỉnh thời gian | Khóa trẻ em,85,59,63,37,,Sấy ngưng tụ,"Song ngữ Anh - Việt, phím điều khiển cảm ứng, núm xoay, có màn hình hiển thị",8 Kg,SensiCare chăm sóc quần áo tránh bị hư tổn | ColourCare bảo vệ màu sắc quần áo | ReverseTumbling sấy đảo chiều chống nhăn,Thép không gỉ,Hãng không công bố,,Hãng không công bố,,Nhựa 2 lớp,Có,19630000,19630000,"Cơ hội trúng tủ chăm sóc quần áo trị giá 58 triệu đồng. (Xem chi tiết tại đây) | Phiếu mua hàng giảm 10% tối đa 300,000đ mua đèn năng lượng mặt trời | Miễn phí công lắp đặt | Phiếu mua hàng mua Pin tiểu (đơn hàng từ 80.000đ trở lên) trị giá 20.000đ"
178803,3053659000031,231704,116,315,Electrolux,Châu Âu,900W,,Từ 3 - 5 người (8 - 9 kg),,Chương trình sấy nhanh | Hệ thống lọc ecoflow | Đèn LightCraft | Chứng chỉ Woolmark dành để sấy riêng cho đồ len | Sấy siêu im lặng Extra Silent,85,60,60,62 Kg,,Sấy bơm nhiệt,,8 Kg,,Thép không gỉ,Truyền động gián tiếp (Dây curoa),,75°C,,,,,,"Cơ hội trúng tủ chăm sóc quần áo trị giá 58 triệu đồng. (Xem chi tiết tại đây) | Phiếu mua hàng giảm 10% tối đa 300,000đ mua đèn năng lượng mặt trời | Miễn phí công lắp đặt | Phiếu mua hàng mua Pin tiểu (đơn hàng từ 80.000đ trở lên) trị giá 20.000đ"
180217,1753659000024,341815,116,11,Toshiba,Trung Quốc,750W,Kim loại sơn tĩnh điện,Từ 3 - 5 người (8 - 9 kg),Origin Inverter,Chống nhăn | Hẹn giờ hoàn thành | Âm báo khi kết thúc chu trình sấy | Chương trình làm mới quần áo | Đèn chiếu sáng lồng sấy | Điều khiển từ xa qua ứng dụng TSmartLife | Chế độ khử khuẩn,84,59,58,45,2025,Sấy bơm nhiệt,"Song ngữ Anh - Việt, phím điều khiển cảm ứng, núm xoay, có màn hình hiển thị",8 Kg,"Sấy đảo chiều | SenseDry giữ bền màu, bảo vệ sợi vải | UV Sensitize khử khuẩn với đèn tia cực tím",Thép không gỉ,Truyền động gián tiếp (Dây curoa),160,Từ 55 - 60°C,,Kính + Nhựa,Có,14890000,13090000,"Cơ hội trúng tủ chăm sóc quần áo trị giá 58 triệu đồng. (Xem chi tiết tại đây) | Phiếu mua hàng giảm 10% tối đa 300,000đ mua đèn năng lượng mặt trời | Miễn phí công lắp đặt | Phiếu mua hàng mua Pin tiểu (đơn hàng từ 80.000đ trở lên) trị giá 20.000đ"
180118,1753659000021,339510,116,11,Toshiba,Trung Quốc,1600W,Kim loại sơn tĩnh điện,Từ 3 - 5 người (8 - 9 kg),Dual Inverter,Hẹn giờ sấy | Sấy chống nhăn | Âm báo khi kết thúc chu trình sấy | Sấy yên tĩnh | Điều chỉnh mức độ | Đèn chiếu sáng lồng sấy | Điều chỉnh thời gian | Điều khiển từ xa qua ứng dụng TSmartLife | Chế độ khử khuẩn | Khóa trẻ em,85,59,58,49,2025,Sấy bơm nhiệt,"Song ngữ Anh - Việt, cảm ứng có màn hình hiển thị",8 Kg,"Sấy đảo chiều | Steam Care chăm sóc quần áo với hơi nước | Công nghệ LuxeCare (chăm sóc cao cấp dành cho đồ khô) | SenseDry giữ bền màu, bảo vệ sợi vải",Thép không gỉ,Truyền động gián tiếp (Dây curoa),160,Từ 55 - 60°C,,Kính cường lực 2 lớp,Có,25520000,14590000,"Cơ hội trúng tủ chăm sóc quần áo trị giá 58 triệu đồng. (Xem chi tiết tại đây) | Phiếu mua hàng giảm 10% tối đa 300,000đ mua đèn năng lượng mặt trời | Miễn phí công lắp đặt | Phiếu mua hàng mua Pin tiểu (đơn hàng từ 80.000đ trở lên) trị giá 20.000đ"
180048,1753659000022,337754,116,11,Toshiba,Trung Quốc,1100W,Kim loại sơn tĩnh điện,Từ 5 - 7 người (9.5 - 10 kg),Dual Inverter,Điều chỉnh nhiệt độ | Hẹn giờ sấy | Âm báo khi kết thúc chu trình sấy | Sấy yên tĩnh | Điều chỉnh mức độ | Đèn chiếu sáng lồng sấy | Điều chỉnh thời gian | Điều khiển từ xa qua ứng dụng TSmartLife | Chế độ khử khuẩn | Khóa trẻ em,84,59,66,52,2025,Sấy bơm nhiệt,"Song ngữ Anh - Việt, phím điều khiển cảm ứng, núm xoay, có màn hình hiển thị",10 Kg,"Sấy đảo chiều | Steam Care chăm sóc quần áo với hơi nước | Công nghệ LuxeCare (chăm sóc cao cấp dành cho đồ khô) | Hygiene Care - dùng đèn tia cực tím khử khuẩn | SenseDry giữ bền màu, bảo vệ sợi vải",Thép không gỉ,Truyền động gián tiếp (Dây curoa),160,Từ 55 - 60°C,Không,Kính cường lực 2 lớp,Có,21880000,15990000,"Cơ hội trúng tủ chăm sóc quần áo trị giá 58 triệu đồng. (Xem chi tiết tại đây) | Phiếu mua hàng giảm 10% tối đa 300,000đ mua đèn năng lượng mặt trời | Miễn phí công lắp đặt | Phiếu mua hàng mua Pin tiểu (đơn hàng từ 80.000đ trở lên) trị giá 20.000đ"
179889,1753659000015,329631,116,315,Electrolux,Thái Lan,2250W,Thép sơn tĩnh điện,Từ 3 - 5 người (8 - 9 kg),Không có,Tự khởi động lại khi có điện | Điều chỉnh nhiệt độ | Hẹn giờ sấy | Chuông báo lấy quần áo khi kết thúc | Tạm dừng thêm quần áo | Tăng cường chống nhăn Extra Anticrease | Điều chỉnh mức độ | Điều chỉnh thời gian | Khóa trẻ em,85,60,61,28,2024,Sấy thông hơi,"Song ngữ Anh - Việt, phím điều khiển cảm ứng, nút nhấn, núm xoay, có màn hình hiển thị",9 Kg,Công nghệ sấy diệt khuẩn Hygiene Care | ColourCare bảo vệ màu sắc quần áo | Cảm biến thông minh Smart Sensor | ReverseTumbling sấy đảo chiều chống nhăn,Thép không gỉ,Truyền động gián tiếp (Dây curoa),,Từ 70 - 80°C,195,Nhựa 1 lớp,Có,,,"Cơ hội trúng tủ chăm sóc quần áo trị giá 58 triệu đồng. (Xem chi tiết tại đây) | Phiếu mua hàng giảm 10% tối đa 300,000đ mua đèn năng lượng mặt trời | Miễn phí công lắp đặt | Phiếu mua hàng mua Pin tiểu (đơn hàng từ 80.000đ trở lên) trị giá 20.000đ"
179888,1753659000013,329629,116,315,Electrolux,Thái Lan,2250W,Thép sơn tĩnh điện,Từ 3 - 5 người (8 - 9 kg),Không có,Tự khởi động lại khi có điện | Điều chỉnh nhiệt độ | Hẹn giờ sấy | Chuông báo lấy quần áo khi kết thúc | Chế độ Refresh loại bỏ mùi ẩm mốc | Tạm dừng thêm quần áo | Tăng cường chống nhăn Extra Anticrease | Điều chỉnh mức độ | Điều chỉnh thời gian | Khóa trẻ em,85,60,61,28,2024,Sấy thông hơi,"Song ngữ Anh - Việt, phím điều khiển cảm ứng, nút nhấn, núm xoay, có màn hình hiển thị",9 Kg,Công nghệ sấy diệt khuẩn Hygiene Care | ColourCare bảo vệ màu sắc quần áo | Cảm biến thông minh Smart Sensor | ReverseTumbling sấy đảo chiều chống nhăn,Thép không gỉ,Truyền động gián tiếp (Dây curoa),,Từ 70 - 80°C,195,Nhựa 1 lớp,Có,11790000,10790000,"Cơ hội trúng tủ chăm sóc quần áo trị giá 58 triệu đồng. (Xem chi tiết tại đây) | Phiếu mua hàng giảm 10% tối đa 300,000đ mua đèn năng lượng mặt trời | Miễn phí công lắp đặt | Phiếu mua hàng mua Pin tiểu (đơn hàng từ 80.000đ trở lên) trị giá 20.000đ"
179887,1753659000010,329626,116,315,Electrolux,Thái Lan,1600W,Thép sơn tĩnh điện,Từ 3 - 5 người (8 - 9 kg),Inverter,Tự khởi động lại khi có điện | Chuông báo lấy quần áo khi kết thúc | Hẹn giờ hoàn thành | Chứng chỉ Woolmark dành để sấy riêng cho đồ len | Tùy chọn chương trình (cá nhân hóa) thông minh SmartSelect | Kết nối từ xa Remote Start | Màn hình hiển thị ColorTFT sắc nét | Đồng bộ SyncDry | Điều khiển qua ứng dụng Electrolux | Điều chỉnh mức độ | Đèn chiếu sáng lồng sấy | Điều chỉnh thời gian,85,59,65,51,2024,Sấy bơm nhiệt,"Song ngữ Anh - Việt, phím điều khiển cảm ứng, nút nhấn, núm xoay, có màn hình hiển thị",9 Kg,Cảm biến độ ẩm 3DSense điều chỉnh thời gian sấy | Công nghệ sấy diệt khuẩn Hygiene Care | DelicateCare bảo vệ đồ len không bị biến dạng | SensiCare chăm sóc quần áo tránh bị hư tổn | ColourCare bảo vệ màu sắc quần áo | ReverseTumbling sấy đảo chiều chống nhăn | Steam Care chăm sóc quần áo với hơi nước,Thép không gỉ,Truyền động gián tiếp (Dây curoa),,Từ 55 - 60°C,,Nhựa 2 lớp,Có,26490000,24490000,"Cơ hội trúng tủ chăm sóc quần áo trị giá 58 triệu đồng. (Xem chi tiết tại đây) | Phiếu mua hàng giảm 10% tối đa 300,000đ mua đèn năng lượng mặt trời | Miễn phí công lắp đặt | Phiếu mua hàng mua Pin tiểu (đơn hàng từ 80.000đ trở lên) trị giá 20.000đ"
179827,1753659000002,326753,116,187,Aqua,Trung Quốc,1770W,Thép không gỉ,Từ 3 - 5 người (8 - 9 kg),Không có,Lưu chương trình yêu thích | Điều chỉnh nhiệt độ | Hẹn giờ sấy | Lồng sấy hình gối | Tạm dừng thêm quần áo | Sấy chống nhăn | Điều chỉnh thời gian | Khóa trẻ em,83,60,56,30,2024,Sấy thông hơi,"Song ngữ Anh - Việt, nút nhấn, núm xoay, có màn hình hiển thị",9 Kg,Sấy đảo chiều,Thép không gỉ,BLDC,,60°C,,Nhựa,Có,9090000,7090000,"Cơ hội trúng tủ chăm sóc quần áo trị giá 58 triệu đồng. (Xem chi tiết tại đây) | Phiếu mua hàng giảm 10% tối đa 300,000đ mua đèn năng lượng mặt trời | Miễn phí công lắp đặt | Phiếu mua hàng mua Pin tiểu (đơn hàng từ 80.000đ trở lên) trị giá 20.000đ"
179630,3053659000078,315999,116,133,Bosch,Ba Lan,600W,,Từ 3 - 5 người (8 - 9 kg),,Chuông báo lấy quần áo khi kết thúc | Sensitive Drying | Đèn chiếu sáng lồng sấy | AutoDry - Tự động nhận biết khi đồ khô | Khóa trẻ em,84,59,61,47,2023,Sấy bơm nhiệt,"Tiếng Anh, điều khiển cảm ứng, núm xoay, có màn hình hiển thị",8 Kg,,Thép không gỉ,EcoSilence Drive,,75°C,,,,,,"Cơ hội trúng tủ chăm sóc quần áo trị giá 58 triệu đồng. (Xem chi tiết tại đây) | Phiếu mua hàng giảm 10% tối đa 300,000đ mua đèn năng lượng mặt trời | Miễn phí công lắp đặt | Phiếu mua hàng mua Pin tiểu (đơn hàng từ 80.000đ trở lên) trị giá 20.000đ"
179629,3053659000077,315994,116,133,Bosch,Ba Lan,800W,,Từ 3 - 5 người (8 - 9 kg),,Chuông báo lấy quần áo khi kết thúc | Hệ thống Self Cleaning - Tự động làm sạch bộ trao đổi nhiệt | Sensitive Drying | Đèn chiếu sáng lồng sấy | AutoDry - Tự động nhận biết khi đồ khô | Khóa trẻ em,84,59,61,56,2023,Sấy bơm nhiệt,"Tiếng Anh, điều khiển cảm ứng, núm xoay, có màn hình hiển thị",9 Kg,,Thép không gỉ,EcoSilence Drive,202,75°C,,,,,,"Cơ hội trúng tủ chăm sóc quần áo trị giá 58 triệu đồng. (Xem chi tiết tại đây) | Phiếu mua hàng giảm 10% tối đa 300,000đ mua đèn năng lượng mặt trời | Miễn phí công lắp đặt | Phiếu mua hàng mua Pin tiểu (đơn hàng từ 80.000đ trở lên) trị giá 20.000đ"
179584,3053659000076,310253,116,11,Toshiba,Trung Quốc,2000W,Kim loại sơn tĩnh điện,Từ 2 - 3 người (Dưới 8 kg),Không có,Hẹn giờ hoàn thành | Sấy chống nhăn | Điều chỉnh mức độ | Khóa trẻ em,84,59,55,33,,Sấy thông hơi,"Song ngữ Anh - Việt, nút nhấn, núm xoay, có màn hình hiển thị",7 Kg,"SenseDry giữ bền màu, bảo vệ sợi vải",Hợp kim,Truyền động gián tiếp (Dây curoa),,Từ 70 - 80°C,153,Nhựa 2 lớp,Có,6960000,5690000,"Cơ hội trúng tủ chăm sóc quần áo trị giá 58 triệu đồng. (Xem chi tiết tại đây) | Phiếu mua hàng giảm 10% tối đa 300,000đ mua đèn năng lượng mặt trời | Miễn phí công lắp đặt | Phiếu mua hàng mua Pin tiểu (đơn hàng từ 80.000đ trở lên) trị giá 20.000đ"
179583,3053659000075,310251,116,11,Toshiba,Trung Quốc,2700W,Kim loại sơn tĩnh điện,Từ 3 - 5 người (8 - 9 kg),Inverter,Hẹn giờ hoàn thành | Sấy chống nhăn | Âm báo khi kết thúc chu trình sấy | Điều chỉnh mức độ | Đèn chiếu sáng lồng sấy | Điều chỉnh thời gian | Ghi nhớ chương trình sấy | Chế độ khử khuẩn | Khóa trẻ em,84,59,61,42,,Sấy ngưng tụ,"Song ngữ Anh - Việt, phím điều khiển cảm ứng, nút nhấn, núm xoay, có màn hình hiển thị",8 Kg,"SenseDry giữ bền màu, bảo vệ sợi vải",Hợp kim,Truyền động gián tiếp (Dây curoa),,Từ 70 - 80°C,,Kính + Nhựa,Có,,,"Cơ hội trúng tủ chăm sóc quần áo trị giá 58 triệu đồng. (Xem chi tiết tại đây) | Phiếu mua hàng giảm 10% tối đa 300,000đ mua đèn năng lượng mặt trời | Miễn phí công lắp đặt | Phiếu mua hàng mua Pin tiểu (đơn hàng từ 80.000đ trở lên) trị giá 20.000đ"
179582,3053659000074,310250,116,11,Toshiba,Trung Quốc,1050W,Thép,Từ 5 - 7 người (9.5 - 10 kg),Origin Inverter,Hẹn giờ hoàn thành | Sấy chống nhăn | Âm báo khi kết thúc chu trình sấy | Điều chỉnh mức độ | Đèn chiếu sáng lồng sấy | Điều chỉnh thời gian | Điều khiển từ xa qua ứng dụng TSmartLife | Ghi nhớ chương trình sấy | Chế độ khử khuẩn | Khóa trẻ em,84,59,63,49,,Sấy bơm nhiệt,"Song ngữ Anh - Việt, phím điều khiển cảm ứng, núm xoay, có màn hình hiển thị",10 Kg,"Sấy đảo chiều | SenseDry giữ bền màu, bảo vệ sợi vải | UV Sensitize khử khuẩn với đèn tia cực tím",Thép không gỉ,Truyền động gián tiếp (Dây curoa),,Từ 50 - 60°C,,Kính cường lực 2 lớp,Có,,,"Cơ hội trúng tủ chăm sóc quần áo trị giá 58 triệu đồng. (Xem chi tiết tại đây) | Phiếu mua hàng giảm 10% tối đa 300,000đ mua đèn năng lượng mặt trời | Miễn phí công lắp đặt | Phiếu mua hàng mua Pin tiểu (đơn hàng từ 80.000đ trở lên) trị giá 20.000đ"
179570,3053659000072,309486,116,2,Samsung,Trung Quốc,Hãng không công bố,,Trên 7 người (Trên 10 kg),,"Bảng điều khiển thông minh AI Control | Hẹn giờ sấy | Kết nối điện thoại qua app SmartThings | Silent Dry vận hành êm ái, giảm ồn, chống rung đến 30% | Công nghệ sấy bơm nhiệt Hybrid Heatpump | Cài đặt ngôn ngữ hiển thị Tiếng Anh hoặc Tiếng Việt | Tự động mở cửa | Chức năng Smart Check | Sấy khô siêu tốc QuickDrive 35 phút | Khóa trẻ em",97,67,83,77,,Sấy bơm nhiệt,"Song ngữ Anh - Việt, phím điều khiển cảm ứng, núm xoay, có màn hình hiển thị",17 Kg,,Thép không gỉ,Truyền động gián tiếp (Dây curoa),200,Hãng không công bố,,,,,,"Cơ hội trúng tủ chăm sóc quần áo trị giá 58 triệu đồng. (Xem chi tiết tại đây) | Phiếu mua hàng giảm 10% tối đa 300,000đ mua đèn năng lượng mặt trời | Miễn phí công lắp đặt | Phiếu mua hàng mua Pin tiểu (đơn hàng từ 80.000đ trở lên) trị giá 20.000đ"
159876,3053659000071,307974,116,8,LG,Hàn Quốc,1000W,Kim loại sơn tĩnh điện,Trên 7 người (Trên 10 kg),Dual Inverter | Eco Hybrid,Tự khởi động lại khi có điện | Hẹn giờ sấy | LG ThinQ giúp điều khiển từ xa qua Wi-Fi | Giá sấy | Vệ sinh bộ ngưng tụ | Sấy chống nhăn | Âm báo khi kết thúc chu trình sấy | Chăm sóc lồng sấy | Chẩn đoán lỗi Smart Diagnosis | Điều chỉnh mức độ | Đèn chiếu sáng lồng sấy | Khóa trẻ em,85,59,66,57,,Sấy bơm nhiệt,"Song ngữ Anh - Việt, phím điều khiển cảm ứng, nút nhấn, núm xoay, có màn hình hiển thị",10.5 Kg,Không có,Thép không gỉ,Truyền động gián tiếp (Dây curoa),216,60°C,,Kính cường lực,Có,,,"Cơ hội trúng tủ chăm sóc quần áo trị giá 58 triệu đồng. (Xem chi tiết tại đây) | Phiếu mua hàng giảm 10% tối đa 300,000đ mua đèn năng lượng mặt trời | Miễn phí công lắp đặt | Phiếu mua hàng mua Pin tiểu (đơn hàng từ 80.000đ trở lên) trị giá 20.000đ"
179459,3053659000066,303301,116,343,Whirlpool,Mỹ,4725W,,Trên 7 người (Trên 10 kg),,Chống nhăn,103,73,73,54,,Sấy thông hơi,"Tiếng Anh, núm xoay, có màn hình hiển thị",15 Kg,,Sứ Porcelain,Truyền động gián tiếp (Dây curoa),,70°C,,,,,,"Cơ hội trúng tủ chăm sóc quần áo trị giá 58 triệu đồng. (Xem chi tiết tại đây) | Phiếu mua hàng giảm 10% tối đa 300,000đ mua đèn năng lượng mặt trời | Miễn phí công lắp đặt | Phiếu mua hàng mua Pin tiểu (đơn hàng từ 80.000đ trở lên) trị giá 20.000đ"
179418,3053659000065,302561,116,187,Aqua,Trung Quốc,1700W,Thép không gỉ,Từ 3 - 5 người (8 - 9 kg),Không có,Điều chỉnh nhiệt độ | Hẹn giờ sấy | Sấy chống nhăn | Âm báo khi kết thúc chu trình sấy | Vệ sinh lọc | Điều chỉnh mức độ | Khóa trẻ em,83,60,55,30,,Sấy thông hơi,"Song ngữ Anh - Việt, phím điều khiển cảm ứng, nút nhấn, núm xoay, có màn hình hiển thị",8 Kg,Cảm biến thông minh Smart Sensor | Sấy đảo chiều,Thép không gỉ,BLDC,,80°C,209,Nhựa,Có,7190000,5790000,"Cơ hội trúng tủ chăm sóc quần áo trị giá 58 triệu đồng. (Xem chi tiết tại đây) | Phiếu mua hàng giảm 10% tối đa 300,000đ mua đèn năng lượng mặt trời | Miễn phí công lắp đặt | Phiếu mua hàng mua Pin tiểu (đơn hàng từ 80.000đ trở lên) trị giá 20.000đ"
179400,3051099001557,302179,116,368,Galanz,Trung Quốc,2500W,,Từ 3 - 5 người (8 - 9 kg),,Chống nhăn | Hẹn giờ sấy | Đèn chiếu sáng lồng sấy | Cảm biến độ ẩm Sensor Dryer | Khóa trẻ em,85,59,61,40,2022,Sấy ngưng tụ,"Song ngữ Anh - Việt, nút nhấn, núm xoay, có màn hình hiển thị",8 Kg,,Thép không gỉ,Truyền động gián tiếp (Dây curoa),,70°C,,,,,,"Cơ hội trúng tủ chăm sóc quần áo trị giá 58 triệu đồng. (Xem chi tiết tại đây) | Phiếu mua hàng giảm 10% tối đa 300,000đ mua đèn năng lượng mặt trời | Miễn phí công lắp đặt | Phiếu mua hàng mua Pin tiểu (đơn hàng từ 80.000đ trở lên) trị giá 20.000đ"
179399,3053659000064,302178,116,368,Galanz,Trung Quốc,2350W,,Từ 2 - 3 người (Dưới 8 kg),,Chống nhăn | Hẹn giờ sấy | Đèn chiếu sáng lồng sấy | Cảm biến độ ẩm Sensor Dryer | Khóa trẻ em,84,59,54,33,,Sấy thông hơi,"Song ngữ Anh - Việt, nút nhấn, núm xoay, có màn hình hiển thị",7 Kg,,Thép mạ kẽm,Truyền động gián tiếp (Dây curoa),,57°C,186,,,4990000,4990000,"Cơ hội trúng tủ chăm sóc quần áo trị giá 58 triệu đồng. (Xem chi tiết tại đây) | Phiếu mua hàng giảm 10% tối đa 300,000đ mua đèn năng lượng mặt trời | Miễn phí công lắp đặt | Phiếu mua hàng mua Pin tiểu (đơn hàng từ 80.000đ trở lên) trị giá 20.000đ"
179375,3053659000061,299787,116,10,Casper,Trung Quốc,2700W,,Từ 3 - 5 người (8 - 9 kg),,"Điều chỉnh mức độ | Cảm biến nhiệt, độ ẩm",84,59,62,41,,Sấy ngưng tụ,"Song ngữ Anh - Việt, nút nhấn, núm xoay, có màn hình hiển thị",8 Kg,,Thép mạ kẽm,Truyền động gián tiếp (Dây curoa),,70°C,,,,,,
179183,3053659000059,284038,116,315,Electrolux,Ba Lan,700W,,Từ 3 - 5 người (8 - 9 kg),,Lưu chương trình yêu thích | Hẹn giờ sấy | Chuông báo lấy quần áo khi kết thúc | Chứng chỉ Woolmark dành để sấy riêng cho đồ len | Hygienic Care diệt khuẩn quần áo | Chế độ Refresh loại bỏ mùi ẩm mốc | Sấy siêu im lặng Extra Silent | Kết nối từ xa Remote Start | Tăng cường chống nhăn Extra Anticrease | Điều khiển qua ứng dụng Electrolux | Đèn chiếu sáng lồng sấy | Cảm biến khối lượng Smart Sensor | Hiển thị bằng màn hình đèn LED | Khóa trẻ em,85,59,65,49,,Sấy bơm nhiệt,"Song ngữ Anh - Việt, phím điều khiển cảm ứng, nút nhấn, núm xoay, có màn hình hiển thị",9 Kg,,Thép không gỉ,Hãng không công bố,255,Hãng không công bố,,,,,,
179182,3053659000058,284037,116,315,Electrolux,Ba Lan/Thái Lan,900W,Thép sơn tĩnh điện,Từ 3 - 5 người (8 - 9 kg),Inverter,Lưu chương trình yêu thích | Hẹn giờ sấy | Chuông báo lấy quần áo khi kết thúc | Chứng chỉ Woolmark dành để sấy riêng cho đồ len | Giá sấy | Chế độ Refresh loại bỏ mùi ẩm mốc | Sấy siêu im lặng Extra Silent | Xoay đảo chiều Reverse Plus | Tăng cường chống nhăn Extra Anticrease | Điều khiển qua ứng dụng Electrolux | Điều chỉnh mức độ | Điều chỉnh thời gian | Khóa trẻ em,85,59,65,48,,Sấy bơm nhiệt,"Song ngữ Anh - Việt, phím điều khiển cảm ứng, núm xoay, có màn hình hiển thị",8 Kg,Cảm biến độ ẩm 3DSense điều chỉnh thời gian sấy | Công nghệ sấy diệt khuẩn Hygiene Care | DelicateCare bảo vệ đồ len không bị biến dạng | SensiCare chăm sóc quần áo tránh bị hư tổn | ColourCare bảo vệ màu sắc quần áo | ReverseTumbling sấy đảo chiều chống nhăn,Thép không gỉ,Truyền động gián tiếp (Dây curoa),255,Hãng không công bố,,Nhựa 2 lớp,Có,26500000,26500000,"Cơ hội trúng tủ chăm sóc quần áo trị giá 58 triệu đồng. (Xem chi tiết tại đây) | Phiếu mua hàng giảm 10% tối đa 300,000đ mua đèn năng lượng mặt trời | Miễn phí công lắp đặt | Phiếu mua hàng mua Pin tiểu (đơn hàng từ 80.000đ trở lên) trị giá 20.000đ"
179181,3053659000057,284036,116,315,Electrolux,Ba Lan/Thái Lan,800W,Thép sơn tĩnh điện,Từ 3 - 5 người (8 - 9 kg),Không có,Lưu chương trình yêu thích | Hẹn giờ sấy | Chế độ Refresh loại bỏ mùi ẩm mốc | Xoay đảo chiều Reverse Plus | Tăng cường chống nhăn Extra Anticrease | Điều chỉnh mức độ | Điều chỉnh thời gian | Khóa trẻ em,85,59,66,47,,Sấy bơm nhiệt,"Song ngữ Anh - Việt, phím điều khiển cảm ứng, nút nhấn, núm xoay, có màn hình hiển thị",8 Kg,SensiCare chăm sóc quần áo tránh bị hư tổn | ColourCare bảo vệ màu sắc quần áo | ReverseTumbling sấy đảo chiều chống nhăn,Thép không gỉ,Hãng không công bố,,Hãng không công bố,,Nhựa 2 lớp,Có,22990000,22990000,"Cơ hội trúng tủ chăm sóc quần áo trị giá 58 triệu đồng. (Xem chi tiết tại đây) | Phiếu mua hàng giảm 10% tối đa 300,000đ mua đèn năng lượng mặt trời | Miễn phí công lắp đặt | Phiếu mua hàng mua Pin tiểu (đơn hàng từ 80.000đ trở lên) trị giá 20.000đ"
179118,3053659000054,275583,116,343,Whirlpool,Ba Lan,2700W,,Từ 3 - 5 người (8 - 9 kg),,Hẹn giờ sấy | Chương trình sấy nhanh | Công nghệ cảm biến thông minh 6th SENSE | Khóa trẻ em,84,59,63,37,,Sấy ngưng tụ,"Tiếng Anh, nút nhấn, núm xoay, có màn hình hiển thị",8 Kg,,Thép không gỉ,Truyền động gián tiếp (Dây curoa),66,70°C,Không,,,,,"Cơ hội trúng tủ chăm sóc quần áo trị giá 58 triệu đồng. (Xem chi tiết tại đây) | Phiếu mua hàng giảm 10% tối đa 300,000đ mua đèn năng lượng mặt trời | Miễn phí công lắp đặt | Phiếu mua hàng mua Pin tiểu (đơn hàng từ 80.000đ trở lên) trị giá 20.000đ"
179117,3053659000055,275582,116,343,Whirlpool,Trung Quốc,2350W,,Từ 2 - 3 người (Dưới 8 kg),,Hẹn giờ sấy | Chương trình sấy nhanh | Công nghệ cảm biến thông minh 6th SENSE | Đèn chiếu sáng lồng sấy,85,59,55,33,,Sấy thông hơi,"Tiếng Việt, nút nhấn, núm xoay, có màn hình hiển thị",7 Kg,,Thép không gỉ,Truyền động gián tiếp (Dây curoa),Không,60°C,168,,,,,"Cơ hội trúng tủ chăm sóc quần áo trị giá 58 triệu đồng. (Xem chi tiết tại đây) | Phiếu mua hàng giảm 10% tối đa 300,000đ mua đèn năng lượng mặt trời | Miễn phí công lắp đặt | Phiếu mua hàng mua Pin tiểu (đơn hàng từ 80.000đ trở lên) trị giá 20.000đ"
179074,3053659000053,273320,116,10,Casper,Trung Quốc,2000W,Thép sơn chống gỉ,Từ 2 - 3 người (Dưới 8 kg),Không có,Hẹn giờ sấy | Chế độ Refresh loại bỏ mùi ẩm mốc | Sấy chống nhăn | Âm báo khi kết thúc chu trình sấy | Điều chỉnh mức độ | Khóa trẻ em,84,59,56,33,,Sấy thông hơi,"Song ngữ Anh - Việt, nút nhấn, núm xoay, có màn hình hiển thị",7.2 Kg,Sấy đảo chiều,Thép không gỉ,Truyền động gián tiếp (Dây curoa),,70°C,150,Nhựa,Không,6390000,3990000,"Cơ hội trúng tủ chăm sóc quần áo trị giá 58 triệu đồng. (Xem chi tiết tại đây) | Phiếu mua hàng giảm 10% tối đa 300,000đ mua đèn năng lượng mặt trời | Miễn phí công lắp đặt | Phiếu mua hàng mua Pin tiểu (đơn hàng từ 80.000đ trở lên) trị giá 20.000đ"
179064,3053659000051,272145,116,315,Electrolux,Thái Lan,2250W,,Từ 3 - 5 người (8 - 9 kg),,Hẹn giờ sấy | Chuông báo lấy quần áo khi kết thúc | Chương trình sấy nhanh | Chương trình sấy nhẹ | Giá sấy | Hygienic Care diệt khuẩn quần áo | Chế độ Refresh loại bỏ mùi ẩm mốc | Tạm dừng thêm quần áo | Tăng cường chống nhăn Extra Anticrease | Điều chỉnh mức độ | Hiển thị bằng màn hình đèn LED | Úp ngược đặt trên máy giặt tiết kiệm diện tích | Khóa trẻ em,84,59,62,32,,Sấy thông hơi,"Song ngữ Anh - Việt, phím điều khiển cảm ứng, núm xoay, có màn hình hiển thị",8.5 Kg,,Thép không gỉ,Truyền động gián tiếp (Dây curoa),Không,70°C,195,,,,,"Cơ hội trúng tủ chăm sóc quần áo trị giá 58 triệu đồng. (Xem chi tiết tại đây) | Phiếu mua hàng giảm 10% tối đa 300,000đ mua đèn năng lượng mặt trời | Miễn phí công lắp đặt | Phiếu mua hàng mua Pin tiểu (đơn hàng từ 80.000đ trở lên) trị giá 20.000đ"
179022,3053659000043,260094,116,189,Alaska,Trung Quốc,2000W,,Từ 3 - 5 người (8 - 9 kg),,Giá sấy | Úp ngược đặt trên máy giặt tiết kiệm diện tích,83,59,59,34,,Sấy thông hơi,"Tiếng Anh, nút nhấn, núm xoay, có màn hình hiển thị",9 Kg,,Thép không gỉ,Truyền động gián tiếp (Dây curoa),Không,75°C,136,,,,,"Cơ hội trúng tủ chăm sóc quần áo trị giá 58 triệu đồng. (Xem chi tiết tại đây) | Phiếu mua hàng giảm 10% tối đa 300,000đ mua đèn năng lượng mặt trời | Miễn phí công lắp đặt | Phiếu mua hàng mua Pin tiểu (đơn hàng từ 80.000đ trở lên) trị giá 20.000đ"
178959,3053659000042,248801,116,187,Aqua,Trung Quốc,600W,,Từ 3 - 5 người (8 - 9 kg),,Chống nhăn | Kệ sấy đa năng | Bộ lọc xơ vải 3 lớp,84.6 cm,66.7 cm,59.5 cm,50 kg,,Sấy bơm nhiệt,,9 Kg,,Kim loại sơn tĩnh điện,Truyền động gián tiếp (Dây curoa),,56°C,,,,,,"Cơ hội trúng tủ chăm sóc quần áo trị giá 58 triệu đồng. (Xem chi tiết tại đây) | Phiếu mua hàng giảm 10% tối đa 300,000đ mua đèn năng lượng mặt trời | Miễn phí công lắp đặt | Phiếu mua hàng mua Pin tiểu (đơn hàng từ 80.000đ trở lên) trị giá 20.000đ"
178912,3053659000041,242833,116,2,Samsung,Trung Quốc,800W,,Từ 3 - 5 người (8 - 9 kg),,"Đồng hồ hiển thị mực nước | Sấy nhiệt Air Wash khử mùi, diệt khuẩn | Chẩn đoán lỗi với công nghệ SmartControl | Bộ lọc xơ vải 2 trong 1 | Cửa Reversible Door đảo chiều | Đèn chiếu sáng lồng sấy | Khóa trẻ em",85 cm,60 cm,63,49 kg,,Sấy bơm nhiệt,"Song ngữ Anh - Việt, phím điều khiển cảm ứng, nút nhấn, núm xoay, có màn hình hiển thị",9 Kg,,Thép không gỉ,Truyền động gián tiếp (Dây curoa),200,60°C,Không,,,,,"Cơ hội trúng tủ chăm sóc quần áo trị giá 58 triệu đồng. (Xem chi tiết tại đây) | Phiếu mua hàng giảm 10% tối đa 300,000đ mua đèn năng lượng mặt trời | Miễn phí công lắp đặt | Phiếu mua hàng mua Pin tiểu (đơn hàng từ 80.000đ trở lên) trị giá 20.000đ"
178898,3053659000034,240388,116,343,Whirlpool,Mỹ,4725W,,Trên 7 người (Trên 10 kg),,Chống nhăn,108,74,73,58 kg,,Sấy thông hơi,,15 Kg,,Kim loại sơn tĩnh điện,Truyền động gián tiếp (Dây curoa),,70°C,,,,,,"Cơ hội trúng tủ chăm sóc quần áo trị giá 58 triệu đồng. (Xem chi tiết tại đây) | Phiếu mua hàng giảm 10% tối đa 300,000đ mua đèn năng lượng mặt trời | Miễn phí công lắp đặt | Phiếu mua hàng mua Pin tiểu (đơn hàng từ 80.000đ trở lên) trị giá 20.000đ"
178897,3053659000033,240385,116,343,Whirlpool,Mỹ,4725W,,Trên 7 người (Trên 10 kg),,Chống nhăn,108,74,73,58 kg,,Sấy thông hơi,,15 Kg,,Kim loại sơn tĩnh điện,Truyền động gián tiếp (Dây curoa),,70°C,,,,,,"Cơ hội trúng tủ chăm sóc quần áo trị giá 58 triệu đồng. (Xem chi tiết tại đây) | Phiếu mua hàng giảm 10% tối đa 300,000đ mua đèn năng lượng mặt trời | Miễn phí công lắp đặt | Phiếu mua hàng mua Pin tiểu (đơn hàng từ 80.000đ trở lên) trị giá 20.000đ"
178884,3053659000037,237238,116,345,Candy,Thổ Nhĩ Kỳ,2300W,,Từ 3 - 5 người (8 - 9 kg),,Chức năng hoãn giờ khởi động đến 24h | Simply Fi thông minh qua wifi và bluetooth | Hệ thống kiểm soát độ ẩm | Hiển thị bằng màn hình đèn LED,84,60,57,35 Kg,,Sấy ngưng tụ,"Tiếng Anh, nút nhấn, núm xoay, có màn hình hiển thị",8 Kg,,Thép mạ kẽm,Truyền động gián tiếp (Dây curoa),,70°C,,,,,,"Cơ hội trúng tủ chăm sóc quần áo trị giá 58 triệu đồng. (Xem chi tiết tại đây) | Phiếu mua hàng giảm 10% tối đa 300,000đ mua đèn năng lượng mặt trời | Miễn phí công lắp đặt | Phiếu mua hàng mua Pin tiểu (đơn hàng từ 80.000đ trở lên) trị giá 20.000đ"
178808,3053659000032,232142,116,187,Aqua,Trung Quốc,1700W,Thép không gỉ,Từ 2 - 3 người (Dưới 8 kg),Không có,Điều chỉnh nhiệt độ | Hẹn giờ sấy | Sấy chống nhăn | Âm báo khi kết thúc chu trình sấy | Vệ sinh lọc | Điều chỉnh mức độ | Khóa trẻ em,82 cm,60 cm,55.5 cm,30 kg,,Sấy thông hơi,"Song ngữ Anh - Việt, nút nhấn, núm xoay, có màn hình hiển thị",7 Kg,Cảm biến thông minh Smart Sensor | Sấy đảo chiều,Thép không gỉ,Truyền động gián tiếp (Dây curoa),,80°C,205,Kính,Có,6390000,4990000,"Cơ hội trúng tủ chăm sóc quần áo trị giá 58 triệu đồng. (Xem chi tiết tại đây) | Phiếu mua hàng giảm 10% tối đa 300,000đ mua đèn năng lượng mặt trời | Miễn phí công lắp đặt | Phiếu mua hàng mua Pin tiểu (đơn hàng từ 80.000đ trở lên) trị giá 20.000đ"
178804,3053659000026,231705,116,315,Electrolux,Châu Âu,900W,,Từ 3 - 5 người (8 - 9 kg),,Chương trình sấy nhanh | Hệ thống lọc ecoflow | Đèn LightCraft | Chứng chỉ Woolmark dành để sấy riêng cho đồ len | Sấy siêu im lặng Extra Silent | Điều khiển qua ứng dụng Electrolux | Cảm biến khối lượng Smart Sensor,85,59,64,62 Kg,,Sấy bơm nhiệt,,9 Kg,,Thép không gỉ,Truyền động gián tiếp (Dây curoa),,75°C,,,,,,"Cơ hội trúng tủ chăm sóc quần áo trị giá 58 triệu đồng. (Xem chi tiết tại đây) | Phiếu mua hàng giảm 10% tối đa 300,000đ mua đèn năng lượng mặt trời | Miễn phí công lắp đặt | Phiếu mua hàng mua Pin tiểu (đơn hàng từ 80.000đ trở lên) trị giá 20.000đ"
178781,3053659000025,230073,116,345,Candy,Thổ Nhĩ Kỳ,2300W,,Từ 5 - 7 người (9.5 - 10 kg),,Đèn báo làm sạch bộ lọc | Hẹn giờ sấy | Điều khiển máy bằng điện thoại có hỗ trợ NFC | Hộp chứa nước ngưng tụ tiện lợi Easy Case | Khóa trẻ em,83,59,60,36.5 kg,,Sấy ngưng tụ,"Tiếng Anh, điều khiển cảm ứng, núm xoay, có màn hình hiển thị",10 Kg,,Thép mạ kẽm,Truyền động gián tiếp (Dây curoa),,75°C,,,,,,"Cơ hội trúng tủ chăm sóc quần áo trị giá 58 triệu đồng. (Xem chi tiết tại đây) | Phiếu mua hàng giảm 10% tối đa 300,000đ mua đèn năng lượng mặt trời | Miễn phí công lắp đặt | Phiếu mua hàng mua Pin tiểu (đơn hàng từ 80.000đ trở lên) trị giá 20.000đ"
178768,3053659000024,227256,116,185,Beko,Thổ Nhĩ Kỳ,2500 W - 2700 W,,Từ 3 - 5 người (8 - 9 kg),,Hẹn giờ hoàn thành | Cảm biến OptiSense tối ưu hóa quá trình sấy | Khóa trẻ em,84.6 cm,59.7 cm,56 cm,35 kg,,Sấy ngưng tụ,"Song ngữ Anh - Việt, nút nhấn, núm xoay, có màn hình hiển thị",8 Kg,,Thép không gỉ,Truyền động gián tiếp (Dây curoa),,75°C,,,,,,"Cơ hội trúng tủ chăm sóc quần áo trị giá 58 triệu đồng. (Xem chi tiết tại đây) | Phiếu mua hàng giảm 10% tối đa 300,000đ mua đèn năng lượng mặt trời | Miễn phí công lắp đặt | Phiếu mua hàng mua Pin tiểu (đơn hàng từ 80.000đ trở lên) trị giá 20.000đ"
178767,3053659000023,227250,116,185,Beko,Thổ Nhĩ Kỳ,2000 W - 2400 W,,Từ 3 - 5 người (8 - 9 kg),,Hẹn giờ hoàn thành | Cảm biến OptiSense tối ưu hóa quá trình sấy | Khóa trẻ em,85.6 cm,59.5 cm,56.7 cm,31.5 kg,,Sấy thông hơi,"Song ngữ Anh - Việt, nút nhấn, núm xoay, có màn hình hiển thị",8 Kg,,Thép không gỉ,Truyền động gián tiếp (Dây curoa),Không,75°C,102,,,,,"Cơ hội trúng tủ chăm sóc quần áo trị giá 58 triệu đồng. (Xem chi tiết tại đây) | Phiếu mua hàng giảm 10% tối đa 300,000đ mua đèn năng lượng mặt trời | Miễn phí công lắp đặt | Phiếu mua hàng mua Pin tiểu (đơn hàng từ 80.000đ trở lên) trị giá 20.000đ"
178593,3053659000017,206228,116,2,Samsung,Trung Quốc,900W,,Từ 3 - 5 người (8 - 9 kg),,Chống nhăn | Đồng hồ hiển thị mực nước | Có bộ lọc lưới hai lớp kết hợp | Tích hợp thêm kệ sấy | Chuông báo lấy quần áo khi kết thúc,,,,50 kg,,Sấy bơm nhiệt,,9 Kg,,Thép không gỉ,Truyền động gián tiếp (Dây curoa),,Hãng không công bố,,,,,,"Cơ hội trúng tủ chăm sóc quần áo trị giá 58 triệu đồng. (Xem chi tiết tại đây) | Phiếu mua hàng giảm 10% tối đa 300,000đ mua đèn năng lượng mặt trời | Miễn phí công lắp đặt | Phiếu mua hàng mua Pin tiểu (đơn hàng từ 80.000đ trở lên) trị giá 20.000đ"
178549,3053659000011,201722,116,345,Candy,Thổ Nhĩ Kỳ,2300W,,Từ 3 - 5 người (8 - 9 kg),,Hẹn giờ sấy | Điều khiển máy bằng điện thoại có hỗ trợ NFC | Hộp chứa nước ngưng tụ tiện lợi Easy Case,,,,34 Kg,,Sấy ngưng tụ,,8 Kg,,Thép không gỉ,Truyền động gián tiếp (Dây curoa),,75°C,,,,,,"Cơ hội trúng tủ chăm sóc quần áo trị giá 58 triệu đồng. (Xem chi tiết tại đây) | Phiếu mua hàng giảm 10% tối đa 300,000đ mua đèn năng lượng mặt trời | Miễn phí công lắp đặt | Phiếu mua hàng mua Pin tiểu (đơn hàng từ 80.000đ trở lên) trị giá 20.000đ"
178468,3053659000004,182872,116,345,Candy,Thổ Nhĩ Kỳ,2300W,,Từ 3 - 5 người (8 - 9 kg),,Chế độ sấy siêu thẳng Super Easy tiết kiệm thời gian ủi quần áo | Hẹn giờ sấy | Điều khiển máy bằng điện thoại có hỗ trợ NFC | Chương trình sấy nhanh,83,60,60,30 Kg,2017,Sấy thông hơi,,9 Kg,,Thép mạ kẽm,Truyền động gián tiếp (Dây curoa),Không,75°C,220,,,,,"Cơ hội trúng tủ chăm sóc quần áo trị giá 58 triệu đồng. (Xem chi tiết tại đây) | Phiếu mua hàng giảm 10% tối đa 300,000đ mua đèn năng lượng mặt trời | Miễn phí công lắp đặt | Phiếu mua hàng mua Pin tiểu (đơn hàng từ 80.000đ trở lên) trị giá 20.000đ"
179487,3053659000069,304187,116,185,Beko,Thổ Nhĩ Kỳ,900W,,Từ 3 - 5 người (8 - 9 kg),,Chống nhăn | Hẹn giờ sấy | Chống dị ứng | Chế độ sấy nhiệt độ thấp | Đèn chiếu sáng lồng sấy | Công nghệ sấy hơi nước SteamCure | Cảm biến OptiSense tối ưu hóa quá trình sấy | Khóa trẻ em,84,59,61,44,,Sấy bơm nhiệt,"Song ngữ Anh - Việt, phím điều khiển cảm ứng, núm xoay, có màn hình hiển thị",9 Kg,,Thép không gỉ,Truyền động gián tiếp (Dây curoa),208,55°C,,,,,,"Cơ hội trúng tủ chăm sóc quần áo trị giá 58 triệu đồng. (Xem chi tiết tại đây) | Phiếu mua hàng giảm 10% tối đa 300,000đ mua đèn năng lượng mặt trời | Miễn phí công lắp đặt | Phiếu mua hàng mua Pin tiểu (đơn hàng từ 80.000đ trở lên) trị giá 20.000đ"
178390,3051099000316,149741,116,345,Candy,Thổ Nhĩ Kỳ,2300W,,,,Hẹn giờ sấy | Hộp chứa nước ngưng tụ tiện lợi Easy Case,,,,35 kg,2017,Sấy ngưng tụ,,10 Kg,,Thép không gỉ,Truyền động gián tiếp (Dây curoa),,75°C,,,,,,
178389,3051099000318,149729,116,345,Candy,Thổ Nhĩ Kỳ,2300W,,,,Hẹn giờ sấy | Hộp chứa nước ngưng tụ tiện lợi Easy Case,,,,35 kg,2017,Sấy ngưng tụ,,9 Kg,,Thép không gỉ,Truyền động gián tiếp (Dây curoa),,75°C,,,,,,
178388,3051099000317,149727,116,345,Candy,Thổ Nhĩ Kỳ,2300W,,,,Hẹn giờ sấy | Hộp chứa nước ngưng tụ tiện lợi Easy Case,,,,35 kg,2017,Sấy ngưng tụ,,8 Kg,,Thép không gỉ,Truyền động gián tiếp (Dây curoa),,75°C,,,,,,
178373,3051099000285,141843,116,345,Candy,Thổ Nhĩ Kỳ,2300W,,,,Hẹn giờ sấy | Sấy dễ ủi,,,,Hãng không công bố,2017,Sấy thông hơi,,9 Kg,,Thép không gỉ,Truyền động gián tiếp (Dây curoa),,75°C,,,,,,
178372,3051099000284,141841,116,345,Candy,Thổ Nhĩ Kỳ,2300W,,,,Sấy dễ ủi | Hộp chứa nước ngưng tụ tiện lợi Easy Case,,,,Hãng không công bố,2017,Sấy ngưng tụ,,8 Kg,,Thép không gỉ,Truyền động gián tiếp (Dây curoa),,75°C,,,,,,
179488,3053659000068,304188,116,185,Beko,Thổ Nhĩ Kỳ,2500 W - 2700 W,,Từ 3 - 5 người (8 - 9 kg),,Hẹn giờ sấy | Chống dị ứng | Chế độ sấy nhiệt độ thấp | Lọc bụi vải | Cảm biến OptiSense tối ưu hóa quá trình sấy | Đèn chiếu sáng bên trong lồng sấy | Khóa trẻ em,84,59,60,38,,Sấy ngưng tụ,"Song ngữ Anh - Việt, phím điều khiển cảm ứng, núm xoay, có màn hình hiển thị",9 Kg,,Thép không gỉ,Truyền động gián tiếp (Dây curoa),209,75°C,,,,,,"Cơ hội trúng tủ chăm sóc quần áo trị giá 58 triệu đồng. (Xem chi tiết tại đây) | Phiếu mua hàng giảm 10% tối đa 300,000đ mua đèn năng lượng mặt trời | Miễn phí công lắp đặt | Phiếu mua hàng mua Pin tiểu (đơn hàng từ 80.000đ trở lên) trị giá 20.000đ"
179489,3053659000067,304190,116,185,Beko,Thổ Nhĩ Kỳ,800W,,Từ 5 - 7 người (9.5 - 10 kg),,Chống nhăn | Hẹn giờ sấy | Chống dị ứng | Chế độ sấy nhiệt độ thấp | Điều khiển từ xa với kết nối HomeWhiz | Công nghệ sấy hơi nước giảm nhăn IronFinish | Cảm biến OptiSense tối ưu hóa quá trình sấy | Khóa trẻ em,84,59,60,45,,Sấy bơm nhiệt,"Song ngữ Anh - Việt, phím điều khiển cảm ứng, núm xoay, có màn hình hiển thị",10 Kg,,Thép không gỉ,Truyền động gián tiếp (Dây curoa),200,55°C,,,,,,"Cơ hội trúng tủ chăm sóc quần áo trị giá 58 triệu đồng. (Xem chi tiết tại đây) | Phiếu mua hàng giảm 10% tối đa 300,000đ mua đèn năng lượng mặt trời | Miễn phí công lắp đặt | Phiếu mua hàng mua Pin tiểu (đơn hàng từ 80.000đ trở lên) trị giá 20.000đ"
178117,3051099000698,73723,116,315,Electrolux,Thái Lan,1000W,,,,,,,,,2014,Sấy thông hơi,,7 Kg,,Thép không gỉ,Truyền động gián tiếp (Dây curoa),,Hãng không công bố,,,,,,
143958,1801211433200,73725,116,315,Electrolux,Thái Lan,1000W,Kim loại sơn tĩnh điện,,,,,,,35 kg,2014,Sấy thông hơi,,7 Kg,,,Truyền động gián tiếp (Dây curoa),,Đang cập nhật,,,,,,"Cơ hội trúng tủ chăm sóc quần áo trị giá 58 triệu đồng. (Xem chi tiết tại đây) | Phiếu mua hàng giảm 10% tối đa 300,000đ mua đèn năng lượng mặt trời | Miễn phí công lắp đặt | Phiếu mua hàng mua Pin tiểu (đơn hàng từ 80.000đ trở lên) trị giá 20.000đ"
143955,3051099000216,112378,116,315,Electrolux,Mexico,4550W,,,,,,,,75 kg,2016,Sấy thông hơi,,11 Kg,,Thép không gỉ,Truyền động gián tiếp (Dây curoa),,Hãng không công bố,,,,,,"Cơ hội trúng tủ chăm sóc quần áo trị giá 58 triệu đồng. (Xem chi tiết tại đây) | Phiếu mua hàng giảm 10% tối đa 300,000đ mua đèn năng lượng mặt trời | Miễn phí công lắp đặt | Phiếu mua hàng mua Pin tiểu (đơn hàng từ 80.000đ trở lên) trị giá 20.000đ"
143954,3051099000154,103100,116,185,Beko,Thổ Nhĩ Kỳ,2200W,,,,Đèn báo làm sạch bộ lọc | Sấy khử mùi quần áo,,,,33 Kg,2014,Sấy thông hơi,,7 Kg,,Thép không gỉ,Truyền động gián tiếp (Dây curoa),,75°C,,,,,,"Cơ hội trúng tủ chăm sóc quần áo trị giá 58 triệu đồng. (Xem chi tiết tại đây) | Phiếu mua hàng giảm 10% tối đa 300,000đ mua đèn năng lượng mặt trời | Miễn phí công lắp đặt | Phiếu mua hàng mua Pin tiểu (đơn hàng từ 80.000đ trở lên) trị giá 20.000đ"
180202,1753659000023,341086,116,346,Haier,Trung Quốc,650W,Kim loại sơn tĩnh điện,Trên 7 người (Trên 10 kg),Inverter,Chống nhăn | Điều chỉnh nhiệt độ | Hẹn giờ sấy | Một chạm sấy AI | Vòng đệm cửa kháng khuẩn ABT | Âm báo khi kết thúc chu trình sấy | Kết nối Wi-Fi và điều khiển qua ứng dụng Haismart | Bộ lọc xơ vải | Điều chỉnh mức độ | Đèn chiếu sáng lồng sấy | Khóa trẻ em,84,59,68,54,2025,Sấy bơm nhiệt,Song ngữ Anh - Việt màn hình cảm ứng nhiều màu sắc,14 Kg,Cảm biến sấy Ultra,Thép không gỉ,Truyền động gián tiếp (Dây curoa),131,75°C,,Kính cường lực,Có,20790000,16190000,"Cơ hội trúng tủ chăm sóc quần áo trị giá 58 triệu đồng. (Xem chi tiết tại đây) | Tặng 1 lần vệ sinh máy giặt (Xem chi tiết tại đây) | Tặng thêm 2 năm bảo hành chính hãng (Xem chi tiết tại đây) | 1 đổi 1 trong vòng 90 ngày (Lỗi NSX) (Xem chi tiết tại đây) | Phiếu mua hàng giảm 10% tối đa 300,000đ mua đèn năng lượng mặt trời | Miễn phí công lắp đặt | Phiếu mua hàng mua Pin tiểu (đơn hàng từ 80.000đ trở lên) trị giá 20.000đ"
179808,1753659000001,325349,116,7,Panasonic,Trung Quốc,750W,Kim loại sơn tĩnh điện,Từ 5 - 7 người (9.5 - 10 kg),Inverter,"Chẩn đoán lỗi | Hẹn giờ sấy | Giá sấy | Sấy ít nhăn | Lắp đặt linh hoạt với bộ xếp chồng | Đèn báo vệ sinh hộp chứa nước, bộ lọc | Điều chỉnh mức độ | Điều chỉnh thời gian | Khóa an toàn",84,59,65,50,2024,Sấy bơm nhiệt,"Tiếng Việt, phím điều khiển cảm ứng, có màn hình hiển thị",9.5 Kg,Không có,Thép không gỉ,Truyền động gián tiếp (Dây curoa),220,72°C,,Nhựa PC nguyên khối,Có,,,"Cơ hội trúng tủ chăm sóc quần áo trị giá 58 triệu đồng. (Xem chi tiết tại đây) | Phiếu mua hàng giảm 10% tối đa 300,000đ mua đèn năng lượng mặt trời | Miễn phí công lắp đặt | Phiếu mua hàng mua Pin tiểu (đơn hàng từ 80.000đ trở lên) trị giá 20.000đ"
179572,3053659000073,309558,116,2,Samsung,Trung Quốc,1300W,,Từ 3 - 5 người (8 - 9 kg),,"Bảng điều khiển thông minh AI Control | Hẹn giờ sấy | Kết nối điện thoại qua app SmartThings | Silent Dry vận hành êm ái, giảm ồn, chống rung đến 30% | Công nghệ sấy bơm nhiệt Hybrid Heatpump | Cài đặt ngôn ngữ hiển thị Tiếng Anh hoặc Tiếng Việt | Chức năng Smart Check | Sấy khô siêu tốc QuickDrive 35 phút | Khóa trẻ em",85,60,66,53,,Sấy bơm nhiệt,"Song ngữ Anh - Việt, phím điều khiển cảm ứng, núm xoay, có màn hình hiển thị",9 Kg,,Thép không gỉ,Truyền động gián tiếp (Dây curoa),200,Hãng không công bố,,,,,,"Cơ hội trúng tủ chăm sóc quần áo trị giá 58 triệu đồng. (Xem chi tiết tại đây) | Phiếu mua hàng giảm 10% tối đa 300,000đ mua đèn năng lượng mặt trời | Miễn phí công lắp đặt | Phiếu mua hàng mua Pin tiểu (đơn hàng từ 80.000đ trở lên) trị giá 20.000đ"
179063,3053659000052,272142,116,315,Electrolux,Thái Lan,2250W,,Từ 3 - 5 người (8 - 9 kg),,Hẹn giờ sấy | Vapour Refresh - làm mới và giảm nhăn | Chương trình sấy nhanh | Chương trình sấy nhẹ | Giá sấy | Hygienic Care diệt khuẩn quần áo | Tăng cường chống nhăn Extra Anticrease | Điều chỉnh mức độ | Hiển thị bằng màn hình đèn LED | Khóa trẻ em,85,59,62,32,,Sấy thông hơi,"Song ngữ Anh - Việt, phím điều khiển cảm ứng, núm xoay, có màn hình hiển thị",8.5 Kg,,Thép không gỉ,Truyền động gián tiếp (Dây curoa),,70°C,,,,,,"Cơ hội trúng tủ chăm sóc quần áo trị giá 58 triệu đồng. (Xem chi tiết tại đây) | Phiếu mua hàng giảm 10% tối đa 300,000đ mua đèn năng lượng mặt trời | Miễn phí công lắp đặt | Phiếu mua hàng mua Pin tiểu (đơn hàng từ 80.000đ trở lên) trị giá 20.000đ"
179062,3053659000050,272141,116,315,Electrolux,Thái Lan,2250W,,Từ 3 - 5 người (8 - 9 kg),,Hẹn giờ sấy | Vapour Refresh - làm mới và giảm nhăn | Chương trình sấy nhanh | Chương trình sấy nhẹ | Giá sấy | Hygienic Care diệt khuẩn quần áo | Tăng cường chống nhăn Extra Anticrease | Điều chỉnh mức độ | Hiển thị bằng màn hình đèn LED | Khóa trẻ em,85,59,62,32,,Sấy thông hơi,"Song ngữ Anh - Việt, phím điều khiển cảm ứng, núm xoay, có màn hình hiển thị",8.5 Kg,,Thép không gỉ,Truyền động gián tiếp (Dây curoa),,70°C,,,,,,"Cơ hội trúng tủ chăm sóc quần áo trị giá 58 triệu đồng. (Xem chi tiết tại đây) | Phiếu mua hàng giảm 10% tối đa 300,000đ mua đèn năng lượng mặt trời | Miễn phí công lắp đặt | Phiếu mua hàng mua Pin tiểu (đơn hàng từ 80.000đ trở lên) trị giá 20.000đ"
178867,3053659000036,236239,116,2,Samsung,Trung Quốc,800W,,Từ 3 - 5 người (8 - 9 kg),,Đồng hồ hiển thị mực nước | Có bộ lọc lưới hai lớp kết hợp | Sấy nhanh 35' | Chức năng Smart Check,85 cm,60 cm,60 cm,49 kg,,Sấy bơm nhiệt,"Song ngữ Anh - Việt, nút nhấn, núm xoay, có màn hình hiển thị",9 Kg,,Thép không gỉ,Truyền động gián tiếp (Dây curoa),200,60°C,Không,,,,,"Cơ hội trúng tủ chăm sóc quần áo trị giá 58 triệu đồng. (Xem chi tiết tại đây) | Phiếu mua hàng giảm 10% tối đa 300,000đ mua đèn năng lượng mặt trời | Miễn phí công lắp đặt | Phiếu mua hàng mua Pin tiểu (đơn hàng từ 80.000đ trở lên) trị giá 20.000đ"
178802,3053659000028,231326,116,8,LG,Hàn Quốc,1000W,,Từ 3 - 5 người (8 - 9 kg),,LG ThinQ giúp điều khiển từ xa qua Wi-Fi | Chống dị ứng | AI DD - Cảm biến tự động xác định chất liệu sợi vải | Tự động vệ sinh bộ lọc | Chế độ sấy nhiệt độ thấp,85,60,69,57,,Sấy bơm nhiệt,"Tiếng Anh, điều khiển cảm ứng, núm xoay, có màn hình hiển thị",9 Kg,,Thép không gỉ,Truyền động gián tiếp (Dây curoa),,60°C,,,,,,"Cơ hội trúng tủ chăm sóc quần áo trị giá 58 triệu đồng. (Xem chi tiết tại đây) | Phiếu mua hàng giảm 10% tối đa 300,000đ mua đèn năng lượng mặt trời | Miễn phí công lắp đặt | Phiếu mua hàng mua Pin tiểu (đơn hàng từ 80.000đ trở lên) trị giá 20.000đ"
178801,3053659000027,231133,116,8,LG,Hàn Quốc,1000W,,Từ 3 - 5 người (8 - 9 kg),,LG ThinQ giúp điều khiển từ xa qua Wi-Fi | Chống dị ứng | AI DD - Cảm biến tự động xác định chất liệu sợi vải | Tự động vệ sinh bộ lọc | Chế độ sấy nhiệt độ thấp,85 cm,60 cm,69 cm,70 kg,,Sấy bơm nhiệt,"Tiếng Anh, điều khiển cảm ứng, núm xoay, có màn hình hiển thị",9 Kg,,Thép không gỉ,Truyền động gián tiếp (Dây curoa),,100°C,,,,,,"Cơ hội trúng tủ chăm sóc quần áo trị giá 58 triệu đồng. (Xem chi tiết tại đây) | Phiếu mua hàng giảm 10% tối đa 300,000đ mua đèn năng lượng mặt trời | Miễn phí công lắp đặt | Phiếu mua hàng mua Pin tiểu (đơn hàng từ 80.000đ trở lên) trị giá 20.000đ"
143957,3051099000256,168011,116,315,Electrolux,Thái Lan,2250W,,,,,,,,40 kg,2017,Sấy thông hơi,,6.5 Kg,,Thép không gỉ,Truyền động gián tiếp (Dây curoa),,Đang cập nhật,,,,,,
143956,3053659000002,164701,116,345,Candy,Thổ Nhĩ Kỳ,2300W,,,,,,,,35 kg,2017,Sấy ngưng tụ,,9 Kg,,Thép không gỉ,Truyền động gián tiếp (Dây curoa),,Đang cập nhật,,,,,,
182279,1753659000003,328305,116,8,LG,Hàn Quốc,1000W,Kim loại sơn tĩnh điện,Trên 7 người (Trên 10 kg),Dual Inverter | Eco Hybrid,Tự khởi động lại khi có điện | Hẹn giờ sấy | LG ThinQ giúp điều khiển từ xa qua Wi-Fi | Giá sấy | Vệ sinh bộ ngưng tụ | Sấy chống nhăn | Âm báo khi kết thúc chu trình sấy | Chăm sóc lồng sấy | Chẩn đoán lỗi Smart Diagnosis | Điều chỉnh mức độ | Đèn chiếu sáng lồng sấy | Khóa trẻ em,85,60,66,56,2024,Sấy bơm nhiệt,"Song ngữ Anh - Việt, phím điều khiển cảm ứng, nút nhấn, núm xoay, có màn hình hiển thị",10.5 Kg,Không có,Thép không gỉ,Truyền động gián tiếp (Dây curoa),,60°C,,Kính cường lực,Có,,,"Cơ hội trúng tủ chăm sóc quần áo trị giá 58 triệu đồng. (Xem chi tiết tại đây) | Phiếu mua hàng giảm 10% tối đa 300,000đ mua đèn năng lượng mặt trời | Miễn phí công lắp đặt | Phiếu mua hàng mua Pin tiểu (đơn hàng từ 80.000đ trở lên) trị giá 20.000đ"
182279,1753659000004,328307,116,8,LG,Hàn Quốc,1000W,Kim loại sơn tĩnh điện,Trên 7 người (Trên 10 kg),Dual Inverter | Eco Hybrid,Tự khởi động lại khi có điện | Hẹn giờ sấy | LG ThinQ giúp điều khiển từ xa qua Wi-Fi | Giá sấy | Vệ sinh bộ ngưng tụ | Sấy chống nhăn | Âm báo khi kết thúc chu trình sấy | Chăm sóc lồng sấy | Chẩn đoán lỗi Smart Diagnosis | Điều chỉnh mức độ | Đèn chiếu sáng lồng sấy | Khóa trẻ em,85,60,66,56,2024,Sấy bơm nhiệt,"Song ngữ Anh - Việt, phím điều khiển cảm ứng, nút nhấn, núm xoay, có màn hình hiển thị",10.5 Kg,Không có,Thép không gỉ,Truyền động gián tiếp (Dây curoa),210,60°C,,Kính cường lực,Có,28390000,14990000,"Cơ hội trúng tủ chăm sóc quần áo trị giá 58 triệu đồng. (Xem chi tiết tại đây) | Phiếu mua hàng giảm 10% tối đa 300,000đ mua đèn năng lượng mặt trời | Miễn phí công lắp đặt | Phiếu mua hàng mua Pin tiểu (đơn hàng từ 80.000đ trở lên) trị giá 20.000đ"
182279,3053659000070,307973,116,8,LG,Hàn Quốc,1000W,Kim loại sơn tĩnh điện,Trên 7 người (Trên 10 kg),Dual Inverter | Eco Hybrid,Tự khởi động lại khi có điện | Hẹn giờ sấy | LG ThinQ giúp điều khiển từ xa qua Wi-Fi | Giá sấy | Vệ sinh bộ ngưng tụ | Sấy chống nhăn | Âm báo khi kết thúc chu trình sấy | Chăm sóc lồng sấy | Chẩn đoán lỗi Smart Diagnosis | Điều chỉnh mức độ | Đèn chiếu sáng lồng sấy | Khóa trẻ em,85,59,65,56,,Sấy bơm nhiệt,"Song ngữ Anh - Việt, phím điều khiển cảm ứng, nút nhấn, núm xoay, có màn hình hiển thị",10.5 Kg,Không có,Thép không gỉ,Truyền động gián tiếp (Dây curoa),216,60°C,,Kính cường lực,Có,29890000,16790000,"Cơ hội trúng tủ chăm sóc quần áo trị giá 58 triệu đồng. (Xem chi tiết tại đây) | Phiếu mua hàng giảm 10% tối đa 300,000đ mua đèn năng lượng mặt trời | Miễn phí công lắp đặt | Phiếu mua hàng mua Pin tiểu (đơn hàng từ 80.000đ trở lên) trị giá 20.000đ"
182255,3053659000049,272144,116,315,Electrolux,Thái Lan,2250W,,Từ 3 - 5 người (8 - 9 kg),,Hẹn giờ sấy | Chương trình sấy nhanh | Chương trình sấy nhẹ | Giá sấy | Hygienic Care diệt khuẩn quần áo | Chế độ Refresh loại bỏ mùi ẩm mốc | Tăng cường chống nhăn Extra Anticrease | Điều chỉnh mức độ | Hiển thị bằng màn hình đèn LED | Úp ngược đặt trên máy giặt tiết kiệm diện tích | Khóa trẻ em,84,59,60,32,,Sấy thông hơi,"Song ngữ Anh - Việt, phím điều khiển cảm ứng, núm xoay, có màn hình hiển thị",8.5 Kg,,Thép không gỉ,Truyền động gián tiếp (Dây curoa),Không,70°C,195,,,,,"Cơ hội trúng tủ chăm sóc quần áo trị giá 58 triệu đồng. (Xem chi tiết tại đây) | Phiếu mua hàng giảm 10% tối đa 300,000đ mua đèn năng lượng mặt trời | Miễn phí công lắp đặt | Phiếu mua hàng mua Pin tiểu (đơn hàng từ 80.000đ trở lên) trị giá 20.000đ"
182255,3053659000048,272143,116,315,Electrolux,Thái Lan,2250W,,Từ 2 - 3 người (Dưới 8 kg),,Hẹn giờ sấy | Chương trình sấy nhanh | Chương trình sấy nhẹ | Giá sấy | Hygienic Care diệt khuẩn quần áo | Chế độ Refresh loại bỏ mùi ẩm mốc | Tăng cường chống nhăn Extra Anticrease | Điều chỉnh mức độ | Hiển thị bằng màn hình đèn LED | Úp ngược đặt trên máy giặt tiết kiệm diện tích | Khóa trẻ em,84,59,60,32,,Sấy thông hơi,"Song ngữ Anh - Việt, phím điều khiển cảm ứng, núm xoay, có màn hình hiển thị",7.5 Kg,,Thép không gỉ,Truyền động gián tiếp (Dây curoa),Không,70°C,195,,,,,"Cơ hội trúng tủ chăm sóc quần áo trị giá 58 triệu đồng. (Xem chi tiết tại đây) | Phiếu mua hàng giảm 10% tối đa 300,000đ mua đèn năng lượng mặt trời | Miễn phí công lắp đặt | Phiếu mua hàng mua Pin tiểu (đơn hàng từ 80.000đ trở lên) trị giá 20.000đ"
182254,3053659000047,269201,116,185,Beko,Thổ Nhĩ Kỳ,2400W,,Từ 3 - 5 người (8 - 9 kg),,Chống nhăn | Đèn báo làm sạch bộ lọc | Hẹn giờ sấy | Cảm biến OptiSense tối ưu hóa quá trình sấy | Hiển thị bằng màn hình đèn LED | Khóa trẻ em,85,59,58,30,,Sấy thông hơi,"Song ngữ Anh - Việt, nút nhấn, núm xoay, có màn hình hiển thị",9 Kg,,Thép không gỉ,Truyền động gián tiếp (Dây curoa),,75°C,,,,,,"Cơ hội trúng tủ chăm sóc quần áo trị giá 58 triệu đồng. (Xem chi tiết tại đây) | Phiếu mua hàng giảm 10% tối đa 300,000đ mua đèn năng lượng mặt trời | Miễn phí công lắp đặt | Phiếu mua hàng mua Pin tiểu (đơn hàng từ 80.000đ trở lên) trị giá 20.000đ"
182254,3053659000046,269200,116,185,Beko,Thổ Nhĩ Kỳ,2400W,,Từ 3 - 5 người (8 - 9 kg),,Chống nhăn | Đèn báo làm sạch bộ lọc | Hẹn giờ sấy | Cảm biến OptiSense tối ưu hóa quá trình sấy | Hiển thị bằng màn hình đèn LED | Khóa trẻ em,85,59,57,30,,Sấy thông hơi,"Song ngữ Anh - Việt, nút nhấn, núm xoay, có màn hình hiển thị",9 Kg,,Thép không gỉ,Truyền động gián tiếp (Dây curoa),,75°C,,,,,,"Cơ hội trúng tủ chăm sóc quần áo trị giá 58 triệu đồng. (Xem chi tiết tại đây) | Phiếu mua hàng giảm 10% tối đa 300,000đ mua đèn năng lượng mặt trời | Miễn phí công lắp đặt | Phiếu mua hàng mua Pin tiểu (đơn hàng từ 80.000đ trở lên) trị giá 20.000đ"
182253,3053659000044,264347,116,368,Galanz,Trung Quốc,2350W,,Từ 3 - 5 người (8 - 9 kg),,Chống nhăn | Hẹn giờ sấy | Lọc bụi vải | Cài đặt lại nhiệt độ | Khóa trẻ em,83,59,55,30,,Sấy thông hơi,"Song ngữ Anh - Việt, nút nhấn, núm xoay, có màn hình hiển thị",8 Kg,,Thép mạ kẽm,Truyền động gián tiếp (Dây curoa),Không,57°C,177,,,,,"Cơ hội trúng tủ chăm sóc quần áo trị giá 58 triệu đồng. (Xem chi tiết tại đây) | Phiếu mua hàng giảm 10% tối đa 300,000đ mua đèn năng lượng mặt trời | Miễn phí công lắp đặt | Phiếu mua hàng mua Pin tiểu (đơn hàng từ 80.000đ trở lên) trị giá 20.000đ"
182253,3053659000045,264348,116,368,Galanz,Trung Quốc,2350W,,Từ 3 - 5 người (8 - 9 kg),,Chống nhăn | Hẹn giờ sấy | Lọc bụi vải | Cài đặt lại nhiệt độ | Cảm biến độ ẩm Sensor Dryer | Khóa trẻ em,85,59,55,30,,Sấy thông hơi,"Tiếng Anh, nút nhấn, núm xoay, có màn hình hiển thị",8 Kg,,Thép mạ kẽm,Truyền động gián tiếp (Dây curoa),,57°C,,,,,,"Cơ hội trúng tủ chăm sóc quần áo trị giá 58 triệu đồng. (Xem chi tiết tại đây) | Phiếu mua hàng giảm 10% tối đa 300,000đ mua đèn năng lượng mặt trời | Miễn phí công lắp đặt | Phiếu mua hàng mua Pin tiểu (đơn hàng từ 80.000đ trở lên) trị giá 20.000đ"
182234,3053659000040,242831,116,2,Samsung,Trung Quốc,800W,,Từ 3 - 5 người (8 - 9 kg),,"Đồng hồ hiển thị mực nước | Sấy nhiệt Air Wash khử mùi, diệt khuẩn | Sấy nhanh 35' | Kết nối điện thoại qua app SmartThings | Sấy nhanh 81' | Bảng điều khiển thông minh AI | Bộ lọc xơ vải 2 trong 1 | Cửa Reversible Door đảo chiều",85 cm,60 cm,60 cm,49 Kg,,Sấy bơm nhiệt,"Tiếng Việt, phím điều khiển cảm ứng, núm xoay, có màn hình hiển thị",9 Kg,,Thép không gỉ,Truyền động gián tiếp (Dây curoa),200,60°C,Không,,,,,"Cơ hội trúng tủ chăm sóc quần áo trị giá 58 triệu đồng. (Xem chi tiết tại đây) | Phiếu mua hàng giảm 10% tối đa 300,000đ mua đèn năng lượng mặt trời | Miễn phí công lắp đặt | Phiếu mua hàng mua Pin tiểu (đơn hàng từ 80.000đ trở lên) trị giá 20.000đ"
182234,3053659000035,236238,116,2,Samsung,Trung Quốc,800W,Thép không gỉ,Từ 3 - 5 người (8 - 9 kg),Digital Inverter,Bảng điều khiển thông minh AI Control | Cửa đảo chiều | Hẹn giờ sấy | Kết nối điện thoại qua app SmartThings | Giá sấy | Sấy chống nhăn | Bộ lọc xơ vải 2 trong 1 | Điều chỉnh chế độ | Đèn chiếu sáng lồng sấy | Khóa trẻ em,85 cm,60 cm,63.5 cm,50 Kg,,Sấy bơm nhiệt,"Tiếng Việt, phím điều khiển cảm ứng, núm xoay, có màn hình hiển thị",9 Kg,"Công nghệ sấy thông minh Optimal Dry | Công nghệ sấy diệt khuẩn Hygiene Care | Sấy nhiệt AirWash khử mùi, diệt khuẩn | Công nghệ Wrinkle Prevent chống nhăn",Thép không gỉ,Truyền động gián tiếp (Dây curoa),200,60°C,,Kính chịu lực + Nhựa cao cấp,Có,,,"Cơ hội trúng tủ chăm sóc quần áo trị giá 58 triệu đồng. (Xem chi tiết tại đây) | Phiếu mua hàng giảm 10% tối đa 300,000đ mua đèn năng lượng mặt trời | Miễn phí công lắp đặt | Phiếu mua hàng mua Pin tiểu (đơn hàng từ 80.000đ trở lên) trị giá 20.000đ"
182240,3053659000039,241930,116,368,Galanz,Trung Quốc,2350W,,Từ 2 - 3 người (Dưới 8 kg),,Chống nhăn | Hẹn giờ sấy | Cảm biến độ ẩm Sensor Dryer | Khóa trẻ em,83,59,54,30 kg,,Sấy thông hơi,"Song ngữ Anh - Việt, nút nhấn, núm xoay, có màn hình hiển thị",7 Kg,,Thép mạ kẽm,Truyền động gián tiếp (Dây curoa),Không,72°C,170,,,6774545,6774545,"Cơ hội trúng tủ chăm sóc quần áo trị giá 58 triệu đồng. (Xem chi tiết tại đây) | Phiếu mua hàng giảm 10% tối đa 300,000đ mua đèn năng lượng mặt trời | Miễn phí công lắp đặt | Phiếu mua hàng mua Pin tiểu (đơn hàng từ 80.000đ trở lên) trị giá 20.000đ"
182240,3053659000038,241929,116,368,Galanz,Trung Quốc,2350W,,Từ 2 - 3 người (Dưới 8 kg),,Chống nhăn | Hẹn giờ sấy | Cảm biến độ ẩm Sensor Dryer | Khóa trẻ em,83,59,54,30 kg,,Sấy thông hơi,"Song ngữ Anh - Việt, nút nhấn, núm xoay, có màn hình hiển thị",7 Kg,,Thép không gỉ,Truyền động gián tiếp (Dây curoa),Không,72°C,170,,,6500000,6500000,"Cơ hội trúng tủ chăm sóc quần áo trị giá 58 triệu đồng. (Xem chi tiết tại đây) | Phiếu mua hàng giảm 10% tối đa 300,000đ mua đèn năng lượng mặt trời | Miễn phí công lắp đặt | Phiếu mua hàng mua Pin tiểu (đơn hàng từ 80.000đ trở lên) trị giá 20.000đ"
182228,3053659000029,231701,116,315,Electrolux,Châu Âu,2250W,,Từ 2 - 3 người (Dưới 8 kg),,Chống nhăn | Chương trình sấy nhẹ | Chứng chỉ Woolmark dành để sấy riêng cho đồ len | Sấy siêu im lặng Extra Silent | Cảm biến khối lượng Smart Sensor,85 cm,60 cm,54 cm,37 kg,,Sấy ngưng tụ,,7 Kg,,Thép không gỉ,Truyền động gián tiếp (Dây curoa),,75°C,,,,,,"Cơ hội trúng tủ chăm sóc quần áo trị giá 58 triệu đồng. (Xem chi tiết tại đây) | Phiếu mua hàng giảm 10% tối đa 300,000đ mua đèn năng lượng mặt trời | Miễn phí công lắp đặt | Phiếu mua hàng mua Pin tiểu (đơn hàng từ 80.000đ trở lên) trị giá 20.000đ"
182228,3053659000030,231702,116,315,Electrolux,Châu Âu,2250W,,Từ 2 - 3 người (Dưới 8 kg),,Chống nhăn | Chương trình sấy nhẹ | Chứng chỉ Woolmark dành để sấy riêng cho đồ len | Sấy siêu im lặng Extra Silent,85,60,60,40 kg,,Sấy ngưng tụ,,8 Kg,,Thép không gỉ,Truyền động gián tiếp (Dây curoa),,75°C,,,,,,"Cơ hội trúng tủ chăm sóc quần áo trị giá 58 triệu đồng. (Xem chi tiết tại đây) | Phiếu mua hàng giảm 10% tối đa 300,000đ mua đèn năng lượng mặt trời | Miễn phí công lắp đặt | Phiếu mua hàng mua Pin tiểu (đơn hàng từ 80.000đ trở lên) trị giá 20.000đ"
182184,3053659000013,201584,116,345,Candy,Thổ Nhĩ Kỳ,2300W,,,,Đèn báo làm sạch bộ lọc | Hẹn giờ sấy | Điều khiển máy bằng điện thoại có hỗ trợ NFC | Hộp chứa nước ngưng tụ tiện lợi Easy Case,,,,34.5 kg,,Sấy ngưng tụ,,10 Kg,,Thép không gỉ,Truyền động gián tiếp (Dây curoa),,75°C,,,,,,"Cơ hội trúng tủ chăm sóc quần áo trị giá 58 triệu đồng. (Xem chi tiết tại đây) | Phiếu mua hàng giảm 10% tối đa 300,000đ mua đèn năng lượng mặt trời | Miễn phí công lắp đặt | Phiếu mua hàng mua Pin tiểu (đơn hàng từ 80.000đ trở lên) trị giá 20.000đ"
182184,3053659000012,201576,116,345,Candy,Thổ Nhĩ Kỳ,2300W,,,,Đèn báo làm sạch bộ lọc | Hẹn giờ sấy | Điều khiển máy bằng điện thoại có hỗ trợ NFC | Hộp chứa nước ngưng tụ tiện lợi Easy Case,,,,34 Kg,,Sấy ngưng tụ,,8 Kg,,Thép không gỉ,Truyền động gián tiếp (Dây curoa),,75°C,,,,,,
182184,3053659000009,192104,116,345,Candy,Thổ Nhĩ Kỳ,2300W,,Từ 3 - 5 người (8 - 9 kg),,Chế độ sấy siêu thẳng Super Easy tiết kiệm thời gian ủi quần áo | Hẹn giờ sấy | Điều khiển máy bằng điện thoại có hỗ trợ NFC | Hộp chứa nước ngưng tụ tiện lợi Easy Case,84,60,60,33 Kg,,Sấy ngưng tụ,"Tiếng Anh, nút nhấn, núm xoay, có màn hình hiển thị",9 Kg,,Thép mạ kẽm,Truyền động gián tiếp (Dây curoa),,75°C,,,,,,"Cơ hội trúng tủ chăm sóc quần áo trị giá 58 triệu đồng. (Xem chi tiết tại đây) | Phiếu mua hàng giảm 10% tối đa 300,000đ mua đèn năng lượng mặt trời | Miễn phí công lắp đặt | Phiếu mua hàng mua Pin tiểu (đơn hàng từ 80.000đ trở lên) trị giá 20.000đ"
182180,3053659000006,182987,116,315,Electrolux,Thái Lan,2250W,,,,Hẹn giờ sấy | Sấy đảo chiều chống nhăn | Cảm biến khối lượng Smart Sensor | Úp ngược đặt trên máy giặt tiết kiệm diện tích,,,,33 Kg,,Sấy thông hơi,,8 Kg,,Thép không gỉ,Truyền động gián tiếp (Dây curoa),,75°C,,,,,,"Cơ hội trúng tủ chăm sóc quần áo trị giá 58 triệu đồng. (Xem chi tiết tại đây) | Phiếu mua hàng giảm 10% tối đa 300,000đ mua đèn năng lượng mặt trời | Miễn phí công lắp đặt | Phiếu mua hàng mua Pin tiểu (đơn hàng từ 80.000đ trở lên) trị giá 20.000đ"
182180,3053659000007,182984,116,315,Electrolux,Thái Lan,2250W,,,,Hẹn giờ sấy | Sấy đảo chiều chống nhăn | Cảm biến khối lượng Smart Sensor | Úp ngược đặt trên máy giặt tiết kiệm diện tích,,,,33 Kg,,Sấy thông hơi,,8 Kg,,Thép không gỉ,Truyền động gián tiếp (Dây curoa),,75°C,,,,,,"Cơ hội trúng tủ chăm sóc quần áo trị giá 58 triệu đồng. (Xem chi tiết tại đây) | Phiếu mua hàng giảm 10% tối đa 300,000đ mua đèn năng lượng mặt trời | Miễn phí công lắp đặt | Phiếu mua hàng mua Pin tiểu (đơn hàng từ 80.000đ trở lên) trị giá 20.000đ"
182309,1753659000011,329627,116,315,Electrolux,Thái Lan,2250W,Thép sơn tĩnh điện,Từ 3 - 5 người (8 - 9 kg),Không có,Tự khởi động lại khi có điện | Điều chỉnh nhiệt độ | Hẹn giờ sấy | Chuông báo lấy quần áo khi kết thúc | Chế độ Refresh loại bỏ mùi ẩm mốc | Tạm dừng thêm quần áo | Tăng cường chống nhăn Extra Anticrease | Điều chỉnh mức độ | Điều chỉnh thời gian | Khóa trẻ em,84,60,60,28,2024,Sấy thông hơi,"Song ngữ Anh - Việt, phím điều khiển cảm ứng, nút nhấn, núm xoay, có màn hình hiển thị",8 Kg,Công nghệ sấy diệt khuẩn Hygiene Care | ColourCare bảo vệ màu sắc quần áo | Cảm biến thông minh Smart Sensor | ReverseTumbling sấy đảo chiều chống nhăn,Thép không gỉ,Truyền động gián tiếp (Dây curoa),,Từ 70 - 80°C,195,Nhựa 1 lớp,Có,9890000,9490000,"Cơ hội trúng tủ chăm sóc quần áo trị giá 58 triệu đồng. (Xem chi tiết tại đây) | Phiếu mua hàng giảm 10% tối đa 300,000đ mua đèn năng lượng mặt trời | Miễn phí công lắp đặt | Phiếu mua hàng mua Pin tiểu (đơn hàng từ 80.000đ trở lên) trị giá 20.000đ"
182309,1753659000012,329628,116,315,Electrolux,Thái Lan,2250W,Thép sơn tĩnh điện,Từ 3 - 5 người (8 - 9 kg),Không có,Tự khởi động lại khi có điện | Điều chỉnh nhiệt độ | Hẹn giờ sấy | Chuông báo lấy quần áo khi kết thúc | Chế độ Refresh loại bỏ mùi ẩm mốc | Tạm dừng thêm quần áo | Tăng cường chống nhăn Extra Anticrease | Điều chỉnh mức độ | Điều chỉnh thời gian | Khóa trẻ em,84,60,61,28,2024,Sấy thông hơi,"Song ngữ Anh - Việt, phím điều khiển cảm ứng, nút nhấn, núm xoay, có màn hình hiển thị",9 Kg,Công nghệ sấy diệt khuẩn Hygiene Care | ColourCare bảo vệ màu sắc quần áo | Cảm biến thông minh Smart Sensor | ReverseTumbling sấy đảo chiều chống nhăn,Thép không gỉ,Truyền động gián tiếp (Dây curoa),,Từ 70 - 80°C,195,Nhựa 1 lớp,Có,10790000,10490000,"Cơ hội trúng tủ chăm sóc quần áo trị giá 58 triệu đồng. (Xem chi tiết tại đây) | Phiếu mua hàng giảm 10% tối đa 300,000đ mua đèn năng lượng mặt trời | Miễn phí công lắp đặt | Phiếu mua hàng mua Pin tiểu (đơn hàng từ 80.000đ trở lên) trị giá 20.000đ"
182308,1753659000008,329624,116,315,Electrolux,Thái Lan,700W,Thép sơn tĩnh điện,Từ 3 - 5 người (8 - 9 kg),Inverter,Tự khởi động lại khi có điện | Chuông báo lấy quần áo khi kết thúc | Hẹn giờ hoàn thành | Chứng chỉ Woolmark dành để sấy riêng cho đồ len | Chế độ Refresh loại bỏ mùi ẩm mốc | Sấy siêu im lặng Extra Silent | Tạm dừng thêm quần áo | Xoay đảo chiều Reverse Plus | Kết nối từ xa Remote Start | Tăng cường chống nhăn Extra Anticrease | Đồng bộ SyncDry | Điều khiển qua ứng dụng Electrolux | Điều chỉnh mức độ | Đèn chiếu sáng lồng sấy | Điều chỉnh thời gian | Khóa trẻ em,85,59,66,50,2024,Sấy bơm nhiệt,"Song ngữ Anh - Việt, phím điều khiển cảm ứng, nút nhấn, núm xoay, có màn hình hiển thị",9 Kg,Cảm biến độ ẩm 3DSense điều chỉnh thời gian sấy | Công nghệ sấy diệt khuẩn Hygiene Care | DelicateCare bảo vệ đồ len không bị biến dạng | SensiCare chăm sóc quần áo tránh bị hư tổn | ColourCare bảo vệ màu sắc quần áo | ReverseTumbling sấy đảo chiều chống nhăn,Thép không gỉ,Truyền động gián tiếp (Dây curoa),,Từ 55 - 60°C,,Nhựa 2 lớp,Có,22590000,20290000,"Cơ hội trúng tủ chăm sóc quần áo trị giá 58 triệu đồng. (Xem chi tiết tại đây) | Phiếu mua hàng giảm 10% tối đa 300,000đ mua đèn năng lượng mặt trời | Miễn phí công lắp đặt | Phiếu mua hàng mua Pin tiểu (đơn hàng từ 80.000đ trở lên) trị giá 20.000đ"
182308,1753659000009,329625,116,315,Electrolux,Thái Lan,700W,Thép sơn tĩnh điện,Từ 3 - 5 người (8 - 9 kg),Inverter,Tự khởi động lại khi có điện | Chuông báo lấy quần áo khi kết thúc | Hẹn giờ hoàn thành | Chứng chỉ Woolmark dành để sấy riêng cho đồ len | Chế độ Refresh loại bỏ mùi ẩm mốc | Sấy siêu im lặng Extra Silent | Tạm dừng thêm quần áo | Xoay đảo chiều Reverse Plus | Kết nối từ xa Remote Start | Tăng cường chống nhăn Extra Anticrease | Đồng bộ SyncDry | Điều khiển qua ứng dụng Electrolux | Điều chỉnh mức độ | Đèn chiếu sáng lồng sấy | Điều chỉnh thời gian | Khóa trẻ em,85,59,66,50,2024,Sấy bơm nhiệt,"Song ngữ Anh - Việt, phím điều khiển cảm ứng, nút nhấn, núm xoay, có màn hình hiển thị",9 Kg,Cảm biến độ ẩm 3DSense điều chỉnh thời gian sấy | Công nghệ sấy diệt khuẩn Hygiene Care | DelicateCare bảo vệ đồ len không bị biến dạng | SensiCare chăm sóc quần áo tránh bị hư tổn | ColourCare bảo vệ màu sắc quần áo | ReverseTumbling sấy đảo chiều chống nhăn,Thép không gỉ,Truyền động gián tiếp (Dây curoa),,Từ 55 - 60°C,,Nhựa 2 lớp,Có,23590000,21990000,"Cơ hội trúng tủ chăm sóc quần áo trị giá 58 triệu đồng. (Xem chi tiết tại đây) | Phiếu mua hàng giảm 10% tối đa 300,000đ mua đèn năng lượng mặt trời | Miễn phí công lắp đặt | Phiếu mua hàng mua Pin tiểu (đơn hàng từ 80.000đ trở lên) trị giá 20.000đ"
182307,1753659000007,329623,116,315,Electrolux,Thái Lan,800W,Thép sơn tĩnh điện,Từ 3 - 5 người (8 - 9 kg),Không có,Lưu chương trình yêu thích | Tự khởi động lại khi có điện | Chuông báo lấy quần áo khi kết thúc | Hẹn giờ hoàn thành | Chế độ Refresh loại bỏ mùi ẩm mốc | Tạm dừng thêm quần áo | Xoay đảo chiều Reverse Plus | Tùy chọn chương trình (cá nhân hóa) thông minh SmartSelect | Tăng cường chống nhăn Extra Anticrease | Điều chỉnh mức độ | Điều chỉnh thời gian | Khóa trẻ em,85,59,64,49,2024,Sấy bơm nhiệt,"Song ngữ Anh - Việt, phím điều khiển cảm ứng, nút nhấn, núm xoay, có màn hình hiển thị",8 Kg,Công nghệ sấy diệt khuẩn Hygiene Care | SensiCare chăm sóc quần áo tránh bị hư tổn | ColourCare bảo vệ màu sắc quần áo | ReverseTumbling sấy đảo chiều chống nhăn,Thép không gỉ,Truyền động gián tiếp (Dây curoa),,Từ 55 - 60°C,,Nhựa 2 lớp,Có,19690000,17490000,"Cơ hội trúng tủ chăm sóc quần áo trị giá 58 triệu đồng. (Xem chi tiết tại đây) | Phiếu mua hàng giảm 10% tối đa 300,000đ mua đèn năng lượng mặt trời | Miễn phí công lắp đặt | Phiếu mua hàng mua Pin tiểu (đơn hàng từ 80.000đ trở lên) trị giá 20.000đ"
182307,1753659000006,329622,116,315,Electrolux,Thái Lan,800W,Thép sơn tĩnh điện,Từ 3 - 5 người (8 - 9 kg),Không có,Lưu chương trình yêu thích | Tự khởi động lại khi có điện | Chuông báo lấy quần áo khi kết thúc | Hẹn giờ hoàn thành | Chế độ Refresh loại bỏ mùi ẩm mốc | Tạm dừng thêm quần áo | Xoay đảo chiều Reverse Plus | Tùy chọn chương trình (cá nhân hóa) thông minh SmartSelect | Tăng cường chống nhăn Extra Anticrease | Điều chỉnh mức độ | Điều chỉnh thời gian | Khóa trẻ em,85,59,65,49,2024,Sấy bơm nhiệt,"Song ngữ Anh - Việt, phím điều khiển cảm ứng, nút nhấn, núm xoay, có màn hình hiển thị",8 Kg,Công nghệ sấy diệt khuẩn Hygiene Care | SensiCare chăm sóc quần áo tránh bị hư tổn | ColourCare bảo vệ màu sắc quần áo | ReverseTumbling sấy đảo chiều chống nhăn,Thép không gỉ,Truyền động gián tiếp (Dây curoa),,Từ 55 - 60°C,,Nhựa 2 lớp,Có,18690000,16490000,"Cơ hội trúng tủ chăm sóc quần áo trị giá 58 triệu đồng. (Xem chi tiết tại đây) | Phiếu mua hàng giảm 10% tối đa 300,000đ mua đèn năng lượng mặt trời | Miễn phí công lắp đặt | Phiếu mua hàng mua Pin tiểu (đơn hàng từ 80.000đ trở lên) trị giá 20.000đ"
