model_code,sku,productidweb,category_code,brand,Sản xuất tại,Thời gian ra mắt,Màn hình hiển thị,Dài,Khối lượng máy,Bộ nhớ,Tương thích,Kết nối,Phụ kiện đi kèm,Cổng kết nối,Rộng,Cao,Chất lượng in (độ nét),Thời gian chu kỳ,Tốc độ in,Công suất theo nghiệp vụ,Loại mực in,Công nghệ,Kích thước phụ kiện,Loại giấy in,Khay chứa giấy đã in,Khay nạp giấy,Khổ giấy,CPU tương thích,Công suất đầu ra,Loại sản phẩm,Loại giấy in 2 mặt,giá gốc,giá khuyến mãi,khuyến mãi quà
172217,3641131000109,357980,75,Hp,Thái Lan,2024,LCD 2 dòng,427,7,256 MB,macOS 14 | macOS Catalina (10.15) | macOS Mojave (10.14) | macOS 11 | macOS 12 | macOS 13 | Windows 7 | Windows 11 | Windows 10,Wi-Fi Direct | Wifi,Khoảng 6000 trang (Trắng đen) - 8000 trang (Màu),USB 2.0 | LAN,364,240,1200 x 1200 dpi (In trắng đen) - 4800 x 1200 dpi (In màu),14 giây (Đen trắng) - 16 giây (Màu),23 trang/phút (Đen trắng) - 22 trang/phút (Màu) (In nháp) | 15 trang/phút (Đen trắng) - 9 trang/phút (Màu),400-800 trang/tháng,HP GT53 1VV22AA Đen | HP GT52 M0H54AA Xanh dương | HP GT52 M0H55AA Hồng đỏ | HP GT52 M0H56AA Vàng,Wi-Fi Direct | HP Smart App | Apple AirPrint,A4 | A6 | DL | C6 | B5 (JIS) | Thẻ Hagaki | Chou #3 | c5 | Thẻ Ofuku Hagaki | Chou #4 | A5,Giấy trơn | Giấy thuyết trình mờ HP | Giấy in phun bóng khác | Giấy chuyên dụng hoặc Brochure mờ HP | Giấy in phun ảnh khác | Nhẹ/tái chế | Giấy in phun mờ khác | Giấy chuyên dụng hoặc Brochure bóng HP | Giấy in ảnh HP,100 tờ,250 tờ,Không,AMD | ARM 64 | Intel,Hãng không công bố,In phun màu,,8190000,,"Phiếu mua hàng giảm 10% tối đa 300,000đ mua đèn năng lượng mặt trời"
171161,3641131000066,318469,75,Canon,Việt Nam,2019,Màn hình LCD 5 dòng + Đèn sau,372,8,256 MB,macOS X 10.8.5 trở lên | Windows 7 | Windows 8.1 | Linux | Windows 10,Wi-Fi Direct | Wifi,Khoảng 2500 trang,USB 2.0 | LAN,320,255,600 x 600 dpi,6.5 giây (A4) - 6.3 giây (Letter),22 trang/phút,‎250-2500 trang/tháng,Canon 050 BK Đen,Print Service | Print Business | Apple AirPrint | Wi-Fi Protected Setup (WPS) | Google Cloud Print,A4 | B5 | A6 | A5,Giấy trơn | Giấy nặng | Giấy tái chế | Giấy nhãn | Phong bì,100 tờ,150 tờ,Không,AMD | Intel,900 W,In laser trắng đen,Không,,,"Phiếu mua hàng giảm 10% tối đa 300,000đ mua đèn năng lượng mặt trời"
171160,3641131000065,318468,75,Canon,Việt Nam,2020,Màn hình LCD 5 dòng,430,12,1 GB,macOS X 10.8.5 trở lên | Windows 7 | Windows 8.1 | Linux | Windows 10,Wi-Fi Direct | Wifi,Khoảng 1500 trang (054 BK) và 1200 trang (054 CMY),USB 2.0 | LAN,418,287,600 x 600 dpi,10.4 giây (Đen trắng) - 10.5 giây (Màu),18 trang/phút,‎250-2500 trang/tháng,Canon 054 BK | Canon 054 C Xanh dương | Canon 054 M Đỏ | Canon 054 Y Vàng,Print Service | Print Business | Apple AirPrint | Google Cloud Print,A4 | B5 | Indian-Legal (215 x 345 mm) | Foolscap (215.9 x 330.2 mm) | A5,Giấy trơn | Giấy tráng | Giấy dày | Giấy tái chế | Giấy nhãn | Giấy màu | Bưu thiếp | Phong bì,100 tờ,"Khay tiêu chuẩn: 250 tờ, khay đa năng 1 tờ",Không,AMD | Intel,850 W,In laser màu,Không,7890000,,"Phiếu mua hàng giảm 10% tối đa 300,000đ mua đèn năng lượng mặt trời"
172219,3641131000111,357982,75,Brother,Philippines,,Không,390,6,128 MB,macOS 14 | macOS 12 | macOS 13 | Linux OS | Chrome OS | Windows 11 | Windows 10,Wi-Fi Direct,Khoảng 7500 trang (Trắng Đen) - 5000 trang (Màu),High Speed USB 2.0 | Wireless Direct | WirelessLan (2.4GHz / 5.0GHz),343,149,1200 x 6000 dpi,6.2 giây (Đen trắng) và 9.6 giây (Màu),27 trang/phút (Đen trắng) - 11 trang/phút (Màu) - Chế độ in nhanh | 16 ảnh/phút (Đen trắng) - 9 ảnh/phút (Màu),50-1000 trang/tháng,Brother BTD100Y Vàng | Brother BTD100C Xanh dương | Brother BTD100M Hồng đỏ | Brother BTD100BK Đen,In bằng mail (Email Print) | Wi-Fi Direct | iPrint & Scan | In không dây | Apple AirPrint,A4 | A6 | Photo 5 x 7 inch | Indexcard 5 x 8 inch | EXE | Photo 4 x 6 inch | LTR | Envelope COM10 | Envelope C5 | DL envelope | A5,Giấy thường | Giấy in phun | Giấy ảnh | Giấy in ảnh | Giấy tái chế (64 - 220 g/m2),50 tờ,150 tờ,,AMD | Intel,16W - 2.5W - 0.6W,In phun màu,,3890000,,"Phiếu mua hàng giảm 10% tối đa 300,000đ mua đèn năng lượng mặt trời"
172218,3641131000110,357981,75,Hp,Trung Quốc,2024,Màn hình cảm ứng màu 4.3 inch (hỗ trợ đèn LED báo wifi),581,19,512 MB,macOS 14 | macOS 11 | macOS 12 | macOS 13 | Linux OS | Chrome OS | Windows 11 | Windows 10,Wi-Fi Direct | Wifi,Khoảng 800 trang (Trắng đen) - 420 trang (Màu),2 x USB 2.0 | LAN,467,386,1200 x 1200 dpi (In trắng đen) - 4800 x 1200 dpi (In màu),12 giây (Đen trắng) - 13 giây (Màu),22 trang/phút (Đen trắng) - 18 trang/phút (Màu) | 34 trang/phút (Đen trắng) - 34 trang/phút (Màu) (In nháp),‎250-1500 trang/tháng,null,Wi-Fi Direct | HP Smart App | Chrome OS | Apple AirPrint | Mopria,A4 | A6 | DL | C6 | B5 (JIS) | A3 | Chou #3 | c5 | Chou #4 | A5,Giấy thường | Giấy tập sách nhỏ HP không bóng 180g | Giấy Thuyết trình Cao cấp HP Không bóng 120g | Giấy tập sách nhỏ gập ba HP bóng 180g | Giấy tập sách nhỏ HP bóng 180g | Giấy ảnh cao cấp HP | Giấy nhẹ 60-74g,75 tờ,500 tờ,Không,AMD | ARM 64 | Intel,Hãng không công bố,In phun màu,,13690000,,"Phiếu mua hàng giảm 10% tối đa 300,000đ mua đèn năng lượng mặt trời"
172216,3641131000108,357979,75,Hp,Thái Lan,2021,LCD 2 dòng,427,6,128 MB,macOS 14 | macOS Catalina (10.15) | macOS Mojave (10.14) | macOS 11 | macOS 12 | macOS 13 | Windows 7 | Windows 11 | Windows 10,Wi-Fi Direct | Wifi,Khoảng 6000 trang (Trắng đen) - 8000 trang (Màu),USB 2.0,364,198,1200 x 1200 dpi (In trắng đen) - 4800 x 1200 dpi (In màu),15 giây (Đen trắng) - 18 giây (Màu),22 trang/phút (Đen trắng) - 21 trang/phút (Màu) (In nháp) | 12 trang/phút (Đen trắng) - 7 trang/phút (Màu),400-800 trang/tháng,HP GT53 1VV22AA Đen | HP GT52 M0H54AA Xanh dương | HP GT52 M0H55AA Hồng đỏ | HP GT52 M0H56AA Vàng,Wi-Fi Direct | HP Smart App | Apple AirPrint,A4 | A6 | DL | C6 | B5 (JIS) | Thẻ Hagaki | Chou #3 | c5 | Thẻ Ofuku Hagaki | Chou #4 | A5,Giấy trơn | Giấy thuyết trình mờ HP | Giấy in phun bóng khác | Giấy chuyên dụng hoặc Brochure mờ HP | Giấy in phun ảnh khác | Nhẹ/tái chế | Giấy in phun mờ khác | Giấy chuyên dụng hoặc Brochure bóng HP | Giấy in ảnh HP,100 tờ,150 tờ,Không,AMD | ARM 64 | Intel,Hãng không công bố,In phun màu,,4890000,,"Phiếu mua hàng giảm 10% tối đa 300,000đ mua đèn năng lượng mặt trời"
172212,3641131000107,357653,75,Canon,Việt Nam,2021,LCD 2 dòng,445,5.1 kg,Chia sẻ bộ nhớ với máy tính,macOS 10.12.6 đến macOS 11 | Windows 8.1 | Windows 7 SP1 | Chrome OS | Windows 10,Wifi,Khoảng 3.700 trang (Trắng đen) - 8.000 trang (Màu),USB 2.0,340,136,1200 x 4800 dpi,20 giây,3.9 trang/phút (Đen trắng) - 3.9 ảnh/phút (Màu),50-250 trang/tháng,Canon GI-73 GY Xám | Canon GI-73R Đỏ | Canon GI-73M Hồng đỏ | Canon GI-73Y Vàng | Canon GI-73 BK Đen | Canon GI-73C Xanh dương,"Wi-Fi Direct (In qua điện thoại, máy tính bảng) | Canon Print Service (Android) | Canon Print Inkjet/Selphy App (iOS/Android) | Pixma Cloud Link | Creative Park | Apple AirPrint | Wireless PictBridge | Canon Easy-PhotoPrint (Windows RT) | Mopria","A4 | B5 | A6 | 8 x 10 (inch) | 4 x 6 (inch) | 5 x 7 (inch) | Vuông (3.5 x 3.5”, 5 x 5”) | 7 x 10 (inch) | Executive | M-Oficio (216 x 341 mm) | Thẻ (91 x 55 mm) | B-Oficio (216 x 355 mm) | LTR | Foolscap | Envelope DL | Envelope COM10 | Envelope C5 | Envelope Monarch | Legal (India) (215 x 345 mm) | LGL | Khổ tùy chỉnh (rộng 55 - 216 mm, dài 89 - 1.200 mm) | A5","Giấy ảnh mờ (MP-101) | Giấy thường | Giấy ảnh bóng ""Everyday Use"" (GP-508) | Giấy ảnh Plus Semi-Gloss (SG-201) | Giấy ảnh Pro Luster (LU-101) | Giấy ảnh mờ hai mặt (MP-101D) | Stickers (PS-308R) | Giấy ảnh từ tính (PS-508) | Giấy ảnh Plus Glossy II (PP-208) | Photo Sticker | Giấy có độ phân giải cao (HR-101N) | Giấy in chuyển nhiệt cho vải tối màu (DF-101) | Giấy in chuyển nhiệt cho vải sáng màu (LF-101) | Phong bì | Giấy ảnh Plus Glossy II (PP-201)",50 tờ A4/Letter hoặc 10 tờ Legal,100 tờ,Không,AMD | Intel,14W,In phun màu,Không,6790000,,"Phiếu mua hàng giảm 10% tối đa 300,000đ mua đèn năng lượng mặt trời"
172210,3641131000105,357651,75,Canon,Hàn Quốc,2014,Màn hình LED,372,7.6 kg,64 MB,Mac OS X | Windows 7 | Windows Vista | Windows 2000 | Linux | Windows XP,Không,Khoảng 700 trang,USB 2.0,276,254,600 x 600 dpi,7.8 giây,18 trang/phút,‎250-1000 trang/tháng,Canon 325,Không,A4 | LTR,Giấy thường,100 tờ,150 tờ,Không,AMD | Intel,450W,In laser trắng đen,Không,4890000,4590000,"Phiếu mua hàng giảm 10% tối đa 300,000đ mua đèn năng lượng mặt trời"
172151,3641131000104,343045,75,Singpc,Trung Quốc,2022,Không,183,0,Không,iOS | Android | Windows,,Không có,USB | LAN | Serial,140,132,203 dpi,Hãng không công bố,127 mm/s (Nhãn) - 180 mm/s (Hóa đơn),Hãng không công bố,Không có,Không,Chiều rộng giấy 80 mm,,Không có,,,AMD | Intel,60Wh,Máy in nhiệt trắng đen,,1890000,,"Phiếu mua hàng giảm 10% tối đa 300,000đ mua đèn năng lượng mặt trời"
172150,3641131000103,343044,75,Singpc,Trung Quốc,2022,Không,178,1,Không,Linux | iOS | macOS | Android | null | Windows,,Không có,USB | LAN | Serial,140,128,567 dpi,Hãng không công bố,260 mm/s,Hãng không công bố,Không có,Không,58/80 mm,"Độ dày 0.06 mm, đường kính 80*30 mm, độ dài 7.5 m",Không có,,,AMD | Intel,60Wh,Máy in nhiệt trắng đen,,1890000,,"Phiếu mua hàng giảm 10% tối đa 300,000đ mua đèn năng lượng mặt trời"
172149,3641131000102,343043,75,Singpc,Trung Quốc,2022,Không,121,0,Không,Linux | macOS | Android | Windows,,Không có,USB | LAN,110,114,384 dpi,Hãng không công bố,90 mm/s,Hãng không công bố,Không có,Không,57.5 +/- 0.5 mm,"Độ dày 0.06 mm, đường kính 57*29 mm, độ dài 7m",Không có,,,AMD | Intel,31.2Wh,Máy in nhiệt trắng đen,,790000,,"Phiếu mua hàng giảm 10% tối đa 300,000đ mua đèn năng lượng mặt trời"
172148,3641131000101,343042,75,Brother,Philippines,2025,Không,390,6,64 MB,Linux OS | Chrome OS | Windows 11 | Windows 10,Không,Khoảng 7500 trang (Trắng Đen) - 5000 trang (Màu),USB 2.0,343,149,1200 x 6000 dpi,Hãng không công bố,27 trang/phút (Đen trắng) - 11 trang/phút (Màu) - Chế độ in nhanh | 16 ảnh/phút (Đen trắng) - 9 ảnh/phút (Màu),50-1000 trang/tháng,Brother BTD100Y Vàng | Brother BTD100C Xanh dương | Brother BTD100M Hồng đỏ | Brother BTD100BK Đen,iPrint & Scan,A4 | A6 | Photo 5 x 7 inch | Indexcard 5 x 8 inch | EXE | Photo 4 x 6 inch | LTR | Envelope COM10 | DL envelope | Envelope C5 (162 x 229 mm) | A5,Giấy thường | Giấy in phun | Giấy ảnh | Giấy in ảnh | Giấy tái chế (64 - 220 g/m2),50 tờ,150 tờ,Letter | Executive | A4,AMD | Intel,13W,In phun màu,"Giấy thường, giấy tái chế (64 - 220g/m2)",3390000,,"Phiếu mua hàng giảm 10% tối đa 300,000đ mua đèn năng lượng mặt trời"
171922,3641131000100,338731,75,Brother,Philippines,2025,LCD 16 ký tự x 1 dòng,390,7,128 MB,macOS 14 | macOS 12 | macOS 13 | Linux OS | Chrome OS | Windows 11 | Windows 10,Wi-Fi Direct | Wifi,Khoảng 7500 trang (Trắng Đen) - 5000 trang (Màu),USB 2.0,343,149,1200 x 6000 dpi,6.2 giây (Đen trắng) và 9.6 giây (Màu),27 trang/phút (Đen trắng) - 11 trang/phút (Màu) - Chế độ in nhanh | 16 ảnh/phút (Đen trắng) - 9 ảnh/phút (Màu),50-1000 trang/tháng,Brother BTD100Y Vàng | Brother BTD100C Xanh dương | Brother BTD100M Hồng đỏ | Brother BTD100BK Đen,In bằng mail (Email Print) | iPrint & Scan | In không dây | Apple AirPrint,A4 | A6 | Executive | Photo 5 x 7 inch | Indexcard 5 x 8 inch | Photo 4 x 6 inch | LTR | Envelope COM10 | Envelope C5 | DL envelope | A5,Giấy thường | Giấy in phun | Giấy ảnh | Giấy in ảnh | Giấy tái chế (64 - 220 g/m2),50 tờ,150 tờ,Letter | Executive | A4,AMD | ARM (chỉ in được 1 mặt) | Intel,16W,In phun màu,"Giấy thường, giấy tái chế (64 - 220g/m2)",4890000,,"Phiếu mua hàng giảm 10% tối đa 300,000đ mua đèn năng lượng mặt trời"
171897,3641131000099,337845,75,Brother,Philippines,2025,LCD 16 ký tự x 1 dòng,390,8,128 MB,macOS 14 | macOS 12 | macOS 13 | Chrome OS | Windows 11 | Windows 10,Wi-Fi Direct | Wifi,Khoảng 7500 trang (Trắng Đen) - 5000 trang (Màu),USB 2.0,343,183,1200 x 6000 dpi,6.2 giây (Đen trắng) và 6.5 giây (Màu),27 trang/phút (Đen trắng) - 23 trang/phút (Màu) | 16 ảnh/phút (Đen trắng) - 15.5 ảnh/phút (Màu),50-1000 trang/tháng,Brother BTD100Y Vàng | Brother BTD100C Xanh dương | Brother BTD100M Hồng đỏ | Brother BTD100BK Đen,AirPrint (iOS) | Brother Mobile Connect App (Android/iOS/Harmony OS) | Brother Print Service Plugin (Android) | Mopria,A4 | A6 | 5 x 7 (inch) | Executive | Indexcard 5 x 8 inch | Photo 4 x 6 inch | LTR | Envelope COM10 | Envelope C5 | DL envelope | A5,Giấy thường | Giấy in phun | Giấy ảnh | Giấy in ảnh | Giấy tái chế (64 - 220 g/m2),50 tờ,20 tờ (Khay tự động) | 150 tờ,Letter | A5 | Executive | A4,AMD | ARM (chỉ in được 1 mặt) | Intel,16W,In phun màu,"Giấy thường, giấy tái chế (64-220 g/m2)",5690000,,"Phiếu mua hàng giảm 10% tối đa 300,000đ mua đèn năng lượng mặt trời"
171832,3641131000098,335948,75,Hprt,Trung Quốc,2025,Không,265,0,Không,iOS | macOS | Android | Windows,Bluetooth,Không có,USB Type C,55,47,300 dpi,3 giây,30 mm/s,1000 trang/tháng,Không có,Tích hợp pin sạc 2000 mAh | In qua ứng dụng Here Print,A4 | B5 | Letter (khoảng 216 x 279 mm) | A5,Giấy in nhiệt MT610,Không có,Khe nạp bằng tay (1 tờ),Không,AMD | Intel,10W,Máy in nhiệt trắng đen,Không,1990000,,"Phiếu mua hàng giảm 10% tối đa 300,000đ mua đèn năng lượng mặt trời"
171831,3641131000096,335946,75,Canon,Việt Nam,2018,Không,426,2,Không,Windows 8.1 | Windows 7 SP1 | Mac OS X v10.10.5 | Mac OS X v10.11 | Windows 11 | Windows 10,Không,100 trang,USB,255,131,1200 x 4800 dpi,Hãng không công bố,7.7 trang/phút (đen trắng) - 4.0 trang/phút (màu),10-80 trang/tháng,"Canon PG-745 Đen | Canon CL-746 Xanh, đỏ, vàng | Canon PG-745S Đen",Không,A4 | 4 x 6 (inch) | 5 x 7 (inch) | LTR,"Giấy thường | Giấy Canon Oce Red Label (WOP111) | Giấy ảnh Glossy (GP-508) | Giấy Canon Oce Office Màu (SAT213) | Phong bì | Giấy ảnh Plus Glossy II (PP-201) | Giấy ảnh Glossy ""Everyday Use"" (GP-601)",50 tờ,50 tờ,Không,AMD | Intel,10W,In phun màu,Không,1090000,,"Phiếu mua hàng giảm 10% tối đa 300,000đ mua đèn năng lượng mặt trời"
171830,3641131000095,335945,75,Canon,Việt Nam,2017,Không,426,3,Không,Windows 8 | Windows 7 SP1 | Mac OS X v10.8.5 | Windows Vista SP2 | Windows 11 | Windows 10,Không,PG-47: 400 trang/CL-57S: 180 trang,USB,306,145,4800 x 600 dpi,Hãng không công bố,8 trang/phút (Đen trắng) - 4 trang/phút (Màu),50-200 trang/tháng,PG-47 | CL-57S,Không,Letter | A4 | B5 | 4 x 6 (inch) | 5 x 7 (inch) | Legal | Envelope DL | Envelope COM10 | A5,"Giấy thường | Giấy Canon Oce Red Label (WOP111) | Giấy ảnh Glossy (GP-508) | Giấy Canon Oce Office Màu (SAT213) | Phong bì | Giấy ảnh Plus Glossy II (PP-201) | Giấy ảnh Glossy ""Everyday Use"" (GP-601)",50 tờ,50 tờ,Không,AMD | Intel,9W,In phun màu,Không,1390000,,"Phiếu mua hàng giảm 10% tối đa 300,000đ mua đèn năng lượng mặt trời"
171829,3641131000094,335935,75,Canon,Việt Nam,2023,Màn hình LCD 5 dòng,399,8,1 GB,macOS 10.13 | Chrome OS | Windows 11 | Linux | Windows 10,Wifi,1.500 trang,USB 2.0,373,249,600 x 600 dpi,5.5 giây,36 trang/phút (A4),750-4000 trang/tháng,Cartridge 070,Print Business | Canon Print Service (Android) | Microsoft Universal Print | Apple AirPrint | Mopria,Letter | A4 | B5 | A6 | Legal | Executive | Indian Legal | Government Legal | Foolscap | Statement | Government Letter | A5,Giấy thường | Giấy tái chế | Giấy nhãn | Bưu thiếp | Phong bì,150 tờ,250 tờ,Letter | Foolscap | Indian Legal | Legal | A4,AMD | Intel,480W,In laser trắng đen,"Giấy thường, giấy tái chế, nhãn, bưu thiếp, phong bì",8090000,7590000,"Phiếu mua hàng giảm 10% tối đa 300,000đ mua đèn năng lượng mặt trời"
171828,3641131000093,335934,75,Canon,Việt Nam,2023,Màn hình LCD 5 dòng,356,5,256 MB,Windows Server | Chrome OS | Linux | macOS | Windows,Không,700 trang,USB 2.0,283,213,600 x 600 dpi,5.4 giây (A4),"29 trang/phút (A4), 30 trang/phút (Letter)",150-2000 trang/tháng,Cartridge 071,Print Service | Print Business | Microsoft Universal Print | Apple AirPrint | Mopria,Letter | A4 | B5 | A6 | Legal | Executive | Indian Legal | Index Card | Government Legal | Postcard | Foolscap | Statement | Government Letter | Envelope DL | Envelope COM10 | Envelope C5 | Envelope Monarch | A5,Giấy thường | Giấy tái chế | Giấy nhãn | Bưu thiếp | Phong bì,50 tờ,150 tờ,Letter | Foolscap | Indian Legal | Legal | A4,AMD | Intel,530W,In laser trắng đen,"Giấy thường, giấy tái chế, nhãn, bưu thiếp, phong bì",5090000,4690000,"Phiếu mua hàng giảm 10% tối đa 300,000đ mua đèn năng lượng mặt trời"
171622,3641131000091,332138,75,Canon,Việt Nam,2024,Không,364,5,32 MB,Mac OS 10.14 trở lên | Windows 11 | Linux | Windows 10,Không,Khoảng 1600 trang,USB 2.0,252,199,600 x 600 dpi,7.8 giây,18 trang/phút,200-800 trang/tháng,Canon 325,Không,Letter | A4 | B5 | Legal | 16K (195 x 270 mm) | Phong bì COM10 | Executive | Envelope C5 | Envelope Monarch | DL envelope | A5,Giấy thường | Giấy dày | Giấy nhãn | Phong bì,150 tờ,150 tờ,Không,AMD | Intel,330 W (tối đa 870W),In laser trắng đen,Không,3390000,,"Phiếu mua hàng giảm 10% tối đa 300,000đ mua đèn năng lượng mặt trời"
171621,3641131000090,332137,75,Brother,Philippines,2022,Màn hình LED,435,6,64 MB,Windows 7 | Windows 8.1 | macOS 10.14.x | macOS 10.15.x | macOS 10.13.6 | Windows 10,Wi-Fi Direct,Khoảng 7500 trang (Trắng Đen) - 5000 trang (Màu),USB 2.0,359,159,1200 x 6000 dpi,6.5 giây (Đen trắng) - 10 giây (Màu),28 trang/phút (Đen trắng) - 11 trang/phút (Màu) | 16 ảnh/phút (Đen trắng) - 9 ảnh/phút (Màu),50-1000 trang/tháng,Brother BTD60BK Đen | Brother BT5000Y Vàng | Brother BT5000C Xanh dương | Brother BT5000M Hồng đỏ,In bằng mail (Email Print) | Wi-Fi Direct | iPrint & Scan | In không dây | Apple AirPrint,A4 | A6 | Envelope COM10 | Envelope C5 | DL envelope | A5,Giấy thường | Giấy in phun | Giấy ảnh | Giấy in ảnh | Giấy tái chế (64 - 220 g/m2),50 tờ,150 tờ,,AMD | Intel,Chế độ hoạt động 11W - Chế độ hoạt động sẵn sàng 2.5W - Chế độ ngủ 0.7W,In phun màu,,3524727,3524727,"Phiếu mua hàng giảm 10% tối đa 300,000đ mua đèn năng lượng mặt trời"
171567,3641131000089,330632,75,Hp,Trung Quốc,2024,LCD 2 dòng,406,8,128 MB,macOS 14 | macOS 11 | macOS 12 | macOS 13 | macOS 15 | Windows 10 | iOS | Android,Wifi,1.500 trang,USB 2.0,359,308,1200 x 1200 dpi,8.3 giây,20 trang/phút,100-2000 trang/tháng,HP 110A Đen,,A4 | B5 | B5 (JIS) | Oficio | Envelope | A5,Giấy in màu | Giấy in phong bì | Giấy bạc halide | Giấy trơn | Giấy bông | Giấy in sẵn (Preprinted) | Giấy in bìa | Giấy in trái phiếu | Giấy mỏng | Giấy dày | Giấy tái chế | Giấy nhãn,150 tờ,100 tờ,,,320 W (Chế độ hoạt động) - 33 W (Chế độ sẵn sàng),In laser trắng đen,,,,"Phiếu mua hàng giảm 10% tối đa 300,000đ mua đèn năng lượng mặt trời"
171566,3641131000086,330627,75,Hp,Trung Quốc,2024,Màn hình LED,331 mm,4,64 MB,Windows 7 | Windows 8 | Windows 8.1 | Windows 11 | Windows 10,Không,Khoảng 1500 trang,USB 2.0,215 mm,178 mm,1200 x 1200 dpi,8.3 giây,20 trang/phút,100-1500 trang/tháng,HP 110A Đen,Không,A4 | B5 (JIS) | Oficio | Envelope DL | Envelope C5 | Khổ tùy chỉnh (76 mm x 127 mm đến 216 mm x 356 mm) | A5(LEF) | A5,Giấy in màu | Giấy in phong bì | Giấy trơn | Giấy bông | Giấy in sẵn (Preprinted) | Giấy in bìa | Giấy mỏng | Giấy dày | giấy lưu trữ | Giấy tái chế | Giấy nhãn | Bond,100 tờ,150 tờ,Không,AMD | Intel,320 W (Chế độ hoạt động) - 33 W (Chế độ sẵn sàng),In laser trắng đen,Không,3190000,,"Phiếu mua hàng giảm 10% tối đa 300,000đ mua đèn năng lượng mặt trời"
171495,3641131000083,328758,75,Epson,Philippines hoặc Thái Lan,2023,Không,375,3,Hãng không công bố,Mac OS X 10.6.8 trở lên | Windows 7 | Windows 8 | Windows 8.1 | Windows XP Professional | Windows Vista | Windows 11 | Windows 10 | Windows XP,Không,,USB 2.0,347,179,5760 x 1440 dpi,10 giây (Đen trắng) - 16 giây (Màu) và 69 giây (ảnh có viền) - 90 giây (ảnh có viền),33 trang/phút (Đen trắng) - 15 trang/phút (Màu) (In nháp) | 10 trang/phút (Đen trắng) - 5 trang/phút (Màu) (ISO),Hãng không công bố,Epson 003 C13T00V100 Đen | Epson 003 C13T00V300 Đỏ | Epson C13T00V200 Xanh dương | Epson 003 C13T00V400 Vàng,,Letter | A4 | B5 | A6 | 4 x 6 (inch) | 5 x 7 (inch) | DL | C6 | 5 x 8 (inch) | Indian-Legal (215 x 345 mm) | 16K (195 x 270 mm) | B6 | Hagaki (100 x 148 mm) | 8.5 x 13 (inch) | Envelopes: #10 | Legal (8.5 x 14 inch) | A5,,30 tờ (giấy thường) - 20 tờ (giấy ảnh bóng cao cấp),100 tờ (giấy thường) - 20 tờ (giấy ảnh bóng cao cấp),,AMD | Intel,4.5 W (Chế độ chờ) - 12.0 W (Công suất hoạt động),In phun màu,,4506545,4506545,"Phiếu mua hàng giảm 10% tối đa 300,000đ mua đèn năng lượng mặt trời"
171494,3641131000084,328753,75,Hp,Trung Quốc,2024,Màn hình LED,331,4,64 MB,Windows 7 | Windows 8 | Windows 8.1 | Windows 11 | Windows 10 | macOS,Wifi,1500 trang,USB 2.0,215,178,1200 x 1200 dpi,8.3 giây,20 trang/phút,100-1500 trang/tháng,HP 110A W1112A Đen,Mobile Apps | Wi-Fi Direct | HP Smart App | Apple AirPrint | Google Cloud Print | Mopria,A4 | B5 | B5 (JIS) | Oficio | B5 (ISO) | Envelope | A5,Giấy trơn | Giấy cotton | Giấy bìa | Giấy bông | Giấy in sẵn (Preprinted) | Giấy mỏng | Giấy tái chế | Giấy màu | Phong bì,150 tờ,100 tờ,Không,AMD | Intel,320 W (Chế độ hoạt động) - 33 W (Chế độ sẵn sàng),In laser trắng đen,Không,3490000,,"Phiếu mua hàng giảm 10% tối đa 300,000đ mua đèn năng lượng mặt trời"
171493,3641131000082,328654,75,Hprt,Trung Quốc,2023,Không,295,1,Không,iOS | macOS | Android | Windows,Wifi | Bluetooth,45 tờ A4 (1 mặt),USB,147,69,300 dpi,6 giây,50 mm/s,Hãng không công bố,Mực in nhiệt GT1,In qua ứng dụng Here Print | In không dây,A4,Giấy in A4 thông dụng,Không có,10 tờ,,AMD | Intel,,Máy in nhiệt trắng đen,,,,"Phiếu mua hàng giảm 10% tối đa 300,000đ mua đèn năng lượng mặt trời"
171492,3641131000081,328653,75,Hprt,Trung Quốc,2021,Không,310,0,Không,iOS | macOS | Android | Windows,Bluetooth,45 tờ A4,USB Type C,63,39,300 dpi,Hãng không công bố,15 mm/s,Hãng không công bố,Ruy băng mực in HPRT TY800 | Mực in nhiệt MT800,Tích hợp pin sạc 2000 mAh | In qua ứng dụng Here Print | In không dây,A4,A4,Không có,Khe nạp bằng tay (1 tờ),,AMD | Intel,,Máy in nhiệt trắng đen,,2990000,,"Phiếu mua hàng giảm 10% tối đa 300,000đ mua đèn năng lượng mặt trời"
171491,3641131000080,328648,75,Hprt,Trung Quốc,2022,Không,270,0,Không,ipadOS | iOS | macOS | Android | Windows,Bluetooth,Không,USB Type C,95,50,203 dpi,Hãng không công bố,30 mm/s,Hãng không công bố,Không có,Tích hợp pin sạc 2000 mAh | In qua ứng dụng Here Print | In không dây,Giấy in dạng cuộn 210 mm | Giấy in dạng cuộn ngang 110mm,Giấy in chuyển nhiệt (dạng cuộn),Không có,1 cuộn giấy (tương đương 25 trang A4),Không,AMD | Intel,10W,Máy in nhiệt trắng đen,Không,2490000,,"Phiếu mua hàng giảm 10% tối đa 300,000đ mua đèn năng lượng mặt trời"
171490,3641131000079,328640,75,Hprt,Trung Quốc,2022,Không,314,1,Không,ipadOS | iOS | macOS | Android | Windows,Wifi | Bluetooth,Không có,USB,159,92,300 dpi,Hãng không công bố,100 mm/s,Hãng không công bố,Không có,In qua ứng dụng Here Print | In không dây,Giấy in dạng cuộn 210 mm,Giấy in nhiệt FT800 (dạng cuộn),Không có,1 cuộn giấy in (tương đương 100 tờ A4),Không,AMD | Intel,42W,Máy in nhiệt trắng đen,Không,2290000,,"Phiếu mua hàng giảm 10% tối đa 300,000đ mua đèn năng lượng mặt trời"
171489,3641131000078,328635,75,Hprt,Trung Quốc,2024,Không,180,0,Không,Windows 7 | Windows 8 | Raspberry Pi | Chrome OS | Windows 11 | Linux | Windows 10 | iOS | macOS | Android,Bluetooth,Không có,USB,79,65,203 dpi,Hãng không công bố,100 mm/s,Hãng không công bố,Không có,In qua app Here Lable | In không dây,A6 | A7,Giấy in tem nhiệt,Không có,Khe nạp giấy bằng tay,Không,AMD | Intel,36W,Máy in nhiệt trắng đen,Không,,,"Phiếu mua hàng giảm 10% tối đa 300,000đ mua đèn năng lượng mặt trời"
171202,3641131000076,320488,75,Epson,Indonesia,2023,Không,403,6,Hãng không công bố,Hỗ trợ Mac OS 10.9 trở lên | Windows 7 | Windows 8 | Windows 8.1 | Windows Vista | Windows 11 | Windows 10 | Windows XP,Wi-Fi Direct | Wifi,Khoảng 3.600 trang (057 Black) - 7.200 trang (057 C/M/Y),USB 2.0,369,150,5760 x 1440 dpi,14 giây (Đen trắng) - 25 giây (Ảnh 10x15 cm) - 60 giây (Ảnh A4),22 trang/phút | 10 trang/phút (Đen trắng) - 5 trang/phút (Màu) (ISO),500 - 1000 trang/tháng,Epson 057 Hồng Đỏ | Epson 057 Vàng | Epson 057 Xanh dương | Epson 057 Black | Epson 057 Hồng nhạt | Epson 057 Xanh dương nhạt,Epson Smart Panel | In bằng mail (Email Print) | Remote Print Driver | iPrint & Scan,A4 | 8 x 10 (inch) | 4 x 6 (inch) | 5 x 7 (inch) | Bao thư | DL | C6 | Hagaki (100 x 148 mm),Giấy thường | Giấy ảnh,50 tờ,100 tờ (giấy thường),,AMD | Intel,19 W,In phun màu,,8390000,,"Phiếu mua hàng giảm 10% tối đa 300,000đ mua đèn năng lượng mặt trời"
171201,3641131000075,320485,75,Epson,Philippines hoặc Thái Lan,2021,Không,375,2,Hãng không công bố,macOS X 10.6.8 trở lên | Windows 7 | Windows 8 | Windows 8.1 | Windows Vista | Windows 10 | Windows XP,Không,Khoảng 4.500 trang (In trắng đen) - 7.500 trang (In màu),USB 2.0,347,169,5760 x 1440 dpi,10 giây (Đen trắng) - 16 giây (Màu) và 69 giây (ảnh có viền) - 90 giây (ảnh có viền),33 trang/phút (Đen trắng) - 15 trang/phút (Màu) (In nháp),500 trang/tháng,Epson 003 C13T00V100 Đen | Epson 003 C13T00V300 Đỏ | Epson C13T00V200 Xanh dương | Epson 003 C13T00V400 Vàng,Không,A4 | B5 | A6 | 4 x 6 (inch) | 5 x 7 (inch) | Bao thư | DL | C6 | 5 x 8 (inch) | Legal | Indian-Legal (215 x 345 mm) | 16K (195 x 270 mm) | B6 | Hagaki (100 x 148 mm) | 8.5 x 13 (inch) | A5,Giấy thường | Giấy ảnh,30 tờ (giấy thường) - 20 tờ (giấy ảnh bóng cao cấp),100 tờ (giấy thường),Không,AMD | Intel,12 W,In phun màu,Không,3390000,,"Phiếu mua hàng giảm 10% tối đa 300,000đ mua đèn năng lượng mặt trời"
171200,3641131000074,320484,75,Epson,Philippines,2021,Không,461,2,Hãng không công bố,Windows 7 | Windows 8 | Windows 8.1 | macOS X 10.5 trở lên | Windows Vista | Windows 10 | Windows XP,Không,Khoảng 4.500 trang (664 Black) - 7.500 trang (664 C/M/Y),USB 2.0,215,130,720 x 720 dpi,Hãng không công bố,9 ảnh/phút (Đen trắng) - 4.8 ảnh/phút (Màu),Dưới 500 trang/tháng,Epson 664 Magenta | Epson 664 Cyan | Epson 664 Yellow | Epson 664 Black,Không,A4 | Bao thư | Legal,Giấy thường,Không có,50 tờ,,AMD | Intel,10 W,In phun màu,,2739273,2739273,"Phiếu mua hàng giảm 10% tối đa 300,000đ mua đèn năng lượng mặt trời"
171180,3641131000073,319533,75,Hp,Trung Quốc,2023,LCD 2 dòng,434,3,64 MB,macOS Catalina (10.15) | macOS Big Sur (11) | macOS Monterey (12.7) | Windows 11 | Windows 10 | iOS | Android,Wi-Fi Direct | Wifi,"Khoảng 6000 trang (GT53 Black) - 5700 trang (GT52 Cyan, Magenta, Yellow)",USB 2.0,360,134,1200 x 1200 dpi,14 giây (Đen trắng) - 22 giây (Màu),12 trang/phút (Đen trắng) - 5 trang/phút (Màu),400-800 trang/tháng,HP GT53 1VV22AA Đen | HP GT52 M0H54AA Xanh dương | HP GT52 M0H55AA Hồng đỏ | HP GT52 M0H56AA Vàng,Print Service | Wi-Fi Direct | HP Smart App | Apple AirPrint | Mopria,A4 | B5 | A6 | DL | Legal,Giấy tập sách nhỏ không bóng | Giấy thường | Giấy tập sách nhỏ bóng | Giấy in phun | Giấy ảnh | Phong bì,100 tờ,30 tờ,,AMD | Intel,2.78 W (Chế độ sẵn sàng); 1.33 W (Chế độ ngủ),In phun màu,,3290000,,"Phiếu mua hàng giảm 10% tối đa 300,000đ mua đèn năng lượng mặt trời"
171177,3641131000072,319472,75,Brother,Việt Nam,2023,LCD 2 dòng,410,10,256 MB,OS X El Capitan (10.11) | OS X Yosemite (10.10) | macOS Sierra (10.12) | Windows 7 | Windows 8 | Windows 8.1 | Windows 11 | Linux | Windows 10,Wi-Fi Direct | In bằng điện thoại | WiFi 2.4 GHz và 5 GHz | Wifi,Khoảng 2600 trang,USB 2.0 | LAN,399,272,1200 x 1200 dpi,8.5 giây,34 trang/phút,2000 trang/tháng,Brother TN-B027,Wi-Fi Direct | iPrint & Scan | In không dây | Apple AirPrint | Mopria,A4 | B5 | A6 | Bao thư | B6 | A5,Giấy thường | Bao thư mỏng | Bao thư dày | Giấy mỏng | Giấy dày | Giấy tái chế | Giấy nhãn,120 tờ,250 tờ | Khay nạp giấy tự động ADF (50 tờ),A4,AMD | ARM (chỉ in được 1 mặt) | Intel,470 W (Chế độ hoạt động); 43 W (Chế độ sẵn sàng); 4.1 W (Chế độ ngủ),In laser trắng đen,,6290000,,"Phiếu mua hàng giảm 10% tối đa 300,000đ mua đèn năng lượng mặt trời"
171176,3641131000071,319471,75,Brother,Việt Nam,2023,LCD 2 dòng,410,10,256 MB,OS X El Capitan (10.11) | OS X Yosemite (10.10) | macOS Sierra (10.12) | Windows 7 | Windows 8 | Windows 8.1 | Windows 11 | Linux | Windows 10,Wi-Fi Direct | In bằng điện thoại | WiFi 2.4 GHz và 5 GHz | Wifi,Khoảng 2600 trang,USB 2.0 | LAN,399,272,1200 x 1200 dpi,8.5 giây,34 trang/phút,2000 trang/tháng,Brother TN-B027,Wi-Fi Direct | iPrint & Scan | In không dây | Apple AirPrint | Mopria,A4 | B5 | A6 | Bao thư | B6 | A5,Giấy thường | Bao thư mỏng | Bao thư dày | Giấy mỏng | Giấy dày | Giấy tái chế | Giấy nhãn,120 tờ,250 tờ,A4,AMD | ARM (chỉ in được 1 mặt) | Intel,470 W (Chế độ hoạt động); 43 W (Chế độ sẵn sàng); 4.1 W (Chế độ ngủ),In laser trắng đen,"Giấy thường, giấy mỏng, giấy tái chế",5690000,,"Phiếu mua hàng giảm 10% tối đa 300,000đ mua đèn năng lượng mặt trời"
171175,3641131000070,319470,75,Brother,Việt Nam,2023,LCD 16 ký tự x 1 dòng,360,7,128 MB,OS X El Capitan (10.11) | OS X Yosemite (10.10) | macOS Sierra (10.12) | Windows 7 | Windows 8 | Windows 8.1 | Windows 11 | Linux | Windows 10 | iOS | Android,Wi-Fi Direct | In bằng điện thoại | WiFi 2.4 GHz và 5 GHz | Wifi,Khoảng 2600 trang,USB 2.0 | LAN,356,183,1200 x 1200 dpi,8.5 giây,34 trang/phút,2000 trang/tháng,Brother TN-B027,Wi-Fi Direct | iPrint & Scan | In không dây | Apple AirPrint | Mopria,A4 | B5 | A6 | Bao thư | B6 | A5,Giấy thường | Bao thư mỏng | Bao thư dày | Giấy mỏng | Giấy dày | Giấy tái chế | Giấy nhãn,150 tờ,250 tờ | Khe nạp bằng tay (1 tờ),A4,AMD | Intel,470 W (Chế độ hoạt động); 43 W (Chế độ sẵn sàng),In laser trắng đen,"Giấy thường, giấy mỏng, giấy tái chế",4590000,,"Phiếu mua hàng giảm 10% tối đa 300,000đ mua đèn năng lượng mặt trời"
171174,3641131000069,319469,75,Brother,Việt Nam,2023,LCD 16 ký tự x 1 dòng,360,7,128 MB,OS X El Capitan (10.11) | OS X Yosemite (10.10) | macOS Sierra (10.12) | Windows 7 | Windows 8 | Windows 8.1 | Windows 11 | Linux | Windows 10,Không,Khoảng 2600 trang,USB 2.0,356,183,1200 x 1200 dpi,8.5 giây,34 trang/phút,2000 trang/tháng,Brother TN-B027,Không,A4 | B5 | A6 | Bao thư | B6 | A5,Giấy thường | Bao thư mỏng | Bao thư dày | Giấy mỏng | Giấy dày | Giấy tái chế | Giấy nhãn,150 tờ,250 tờ | Khe nạp bằng tay (1 tờ),A4,AMD | Intel,470 W (Chế độ hoạt động); 43 W (Chế độ sẵn sàng),In laser trắng đen,,3790000,,"Phiếu mua hàng giảm 10% tối đa 300,000đ mua đèn năng lượng mặt trời"
171163,3641131000068,318471,75,Canon,Hàn Quốc,2018,Màn hình cảm ứng (giao diện Tiếng Việt),622,35,512 MB,Windows 7 | Windows 8.1 | Windows 10 | macOS,Wi-Fi Direct,Khoảng 10.200 trang (NPG-59 Black Toner),LAN,589,607,600 x 600 dpi,7.4 giây,"20 trang/phút (A4), 10 trang/phút (A3)",1000-5000 trang/tháng,Canon NPG-59 Black Toner,Print Business | Canon Mobile Printing,A4 | B5 | DL | Indian-Legal (215 x 345 mm) | A3 | B5R | A5R | B4 | A4R | Foolscap (215.9 x 330.2 mm) | Phong bì COM10 | A5,Giấy thường | Giấy trong suốt | Giấy dày | Giấy tái chế | Giấy nhãn | Giấy màu | Phong bì | Giấy đục lỗ sẵn,Không có,330 tờ (Khay Cassette 250 tờ - Khay tay 80 tờ),,AMD | Intel,1500 W,In laser trắng đen,,33283636,33283636,"Phiếu mua hàng giảm 10% tối đa 300,000đ mua đèn năng lượng mặt trời"
171162,3641131000067,318470,75,Canon,Philippines,2021,Màn hình cảm ứng màu 5 inch (WVGA),480,20,1 GB,Hỗ trợ Mac OS 10.9 trở lên | Windows 7 | Windows 8.1 | Windows 10,Wi-Fi Direct | In bằng điện thoại,Khoảng 20.500 trang (T06 Black Toner),USB 2.0 | LAN,464,452,600 x 600 dpi,5.7 giây,43 trang/phút,2000-4000 trang/tháng,Canon T06 Black Toner,Print Business | uniFLOW Online | Apple AirPrint | Mopria | In từ thiết bị di động và ứng dụng đám mây,A4 | B5 | A6 | DL | Phong bì COM10 | A5,,150 tờ,650 tờ (Khay Cassette 550 tờ - Khay tay 100 tờ),,AMD | Intel,1420 W,In laser trắng đen,,,,"Phiếu mua hàng giảm 10% tối đa 300,000đ mua đèn năng lượng mặt trời"
171019,3641131000064,312862,75,Canon,Việt Nam,2020,Không,445,4,Hãng không công bố,macOS Catalina (10.15) | OS X El Capitan (10.11) | macOS High Sierra (10.13) | OS X Yosemite (10.10) | macOS Sierra (10.12) | Windows 7 | Windows 8 | Windows 11 | Windows 10,Không,Khoảng 7700 trang (GI-71 C/M/Y) và 6000 trang (GI-71 PGBK),USB 2.0,330,135,1200 x 4800 dpi,Hãng không công bố,9.1 ảnh/phút (Đen trắng) - 5 ảnh/phút (Màu),150-1500 trang/tháng,Canon GI-71C Xanh dương | Canon GI-71 PGBK Đen | Canon GI-71M Hồng đỏ | Canon GI-71Y Vàng,Apple AirPrint,"A4 | B5 | A6 | 8 x 10 (inch) | 4 x 6 (inch) | 5 x 7 (inch) | Bao thư | DL | Legal | Foolscap (215.9 x 330.2 mm) | Vuông (3.5 x 3.5”, 5 x 5”) | Phong bì COM10 | 7 x 10 (inch) | Phong bì Monarch (98.4 x 190.5 mm) | F4 (215.9 x 330.2 mm) | Executive | Oficio2 (215.9 x 330.2 mm) | M-Oficio (216 x 341 mm) | Thẻ (91 x 55 mm) | B-Oficio (216 x 355 mm) | Phong bì C5 | A5",,100 tờ,100 tờ,,,15 W (Chế độ hoạt động); 0.6 W (Chế độ chờ); 0.2 W (Chế độ ngủ),In phun màu,,,,"Phiếu mua hàng giảm 10% tối đa 300,000đ mua đèn năng lượng mặt trời"
171004,3641131000063,311351,75,Hp,Trung Quốc,2023,Màn hình 1.2 inch,434,5,64 MB,macOS Catalina (10.15) | macOS Big Sur (11) | macOS Monterey (12.7) | macOS Ventura (13.6/13.3) | Windows 7 | Windows 11 | Windows 10 | iOS | Android,Wi-Fi Direct | In bằng điện thoại | Wifi,Khoảng 6000 trang (Trắng đen) - 8000 trang (Màu),USB 2.0,361,157,1200 x 1200 dpi (In trắng đen) - 4800 x 1200 dpi (In màu),14 giây (Đen trắng) - 21 giây (Màu),22 trang/phút (Đen trắng) - 16 trang/phút (Màu),400-800 trang/tháng,HP GT53 1VV22AA Đen | HP GT52 M0H54AA Xanh dương | HP GT52 M0H55AA Hồng đỏ | HP GT52 M0H56AA Vàng,Wi-Fi Direct | HP ePrint | Google Cloud Print 2.0 | Apple AirPrint,A4 | B5 | A6 | DL | Legal,Giấy thường | Giấy in phun | Giấy tờ quảng cáo bóng | Giấy ảnh | Phong bì | Giấy tờ quảng cáo mờ,30 tờ,100 tờ,Không,AMD | ARM 64 | Intel,3 W (Chế độ sẵn sàng) - 1 W (Chế độ ngủ),In phun màu,,3690000,,"Phiếu mua hàng giảm 10% tối đa 300,000đ mua đèn năng lượng mặt trời"
170843,3641131000062,306066,75,Hp,Trung Quốc hoặc Brazil,,Màn hình 2.7 inch,634,12,512 MB,macOS Catalina (10.15) | macOS Big Sur (11) | Mobile OS | macOS Monterey (12.7) | Windows Client OS | Windows 7 | Chrome OS | Windows 11 | Windows 10 | iOS | Android,Wi-Fi Direct | In bằng điện thoại,Khoảng 3050 trang,USB 2.0 | LAN,430,325,1200 x 1200 dpi,6.3 giây,40 trang/phút,750-4000 trang/tháng,HP 151A W1510A Đen | HP 151X W1510X Đen,HP ROAM | Wi-Fi Direct | HP Smart App | Apple AirPrint,A4 | B5 | A6 | 4 x 6 (inch) | DL | 5 x 8 (inch) | 16K (195 x 270 mm) | A5,,150 tờ,"Khay 1 100 tờ, khay 2 250 tờ | Khay nạp giấy tự động ADF (50 tờ)",,,"510 W (Chế độ hoạt động), 7.5 W (Chế độ sẵn sàng), 0.9 W (Chế độ ngủ)",In laser trắng đen,,,,
170842,3641131000061,306065,75,Hp,Brazil hoặc Philipines hoặc Việt Nam (tuỳ theo lô hàng),,LCD 2 dòng,634,8,256 MB,macOS Catalina (10.15) | macOS Big Sur (11) | macOS Monterey (12.7) | Windows 7 | Chrome OS | Windows 11 | Windows 10 | iOS | Android,Wi-Fi Direct | In bằng điện thoại,Khoảng 3050 trang,USB 2.0 | LAN,381,241,1200 x 1200 dpi,6.3 giây,40 trang/phút,750-4000 trang/tháng,HP 151A W1510A Đen | HP 151X W1510X Đen,HP ROAM | Wi-Fi Direct | HP Smart App | Apple AirPrint,Letter | A4 | B5 | A6 | 4 x 6 (inch) | Legal | 16K (195 x 270 mm) | B6 | 8.5 x 13 (inch) | A5,,150 tờ,"Khay 1 100 tờ, khay 2 250 tờ",,,"495 W (Khi hoạt động), 5.5 W (Chế độ sẵn sàng), 0.5 W (Chế độ ngủ)",In laser trắng đen,,,,
170781,3641131000060,305436,75,Epson,Philippines hoặc Thái Lan,2021,Không,375,2,Hãng không công bố,macOS X 10.6.8 trở lên | Windows 7 | Windows 8 | Windows 8.1 | Windows Vista | Windows 11 | Windows 10 | Windows XP | iOS | Android,Wi-Fi Direct | Wifi,Khoảng 4500 trang (In trắng đen) - Khoảng 7500 trang (In màu),USB 2.0,347,169,5760 x 1440 dpi,10 giây (Đen trắng) - 16 giây (Màu) và 69 giây (ảnh có viền) - 90 giây (ảnh có viền),"33 trang/phút (Đen trắng) - 15 trang/phút (Màu) (In nháp) | 10 trang/phút (Đen trắng) - 5 trang/phút (Màu) (In giấy màu, A4)",500 - 1000 trang/tháng,Epson 003 C13T00V100 Đen | Epson 003 C13T00V300 Đỏ | Epson C13T00V200 Xanh dương | Epson 003 C13T00V400 Vàng,Không,Letter | A4 | B5 | A6 | 4 x 6 (inch) | 5 x 7 (inch) | DL | C6 | 5 x 8 (inch) | Legal | Indian-Legal (215 x 345 mm) | 16K (195 x 270 mm) | Hagaki (100 x 148 mm) | 8.5 x 13 (inch) | A5,Giấy Legal | Giấy Letter | Phong bì,30 tờ (giấy thường) - 20 tờ (giấy ảnh bóng cao cấp),100 tờ (giấy thường) | 20 tờ (giấy in ảnh bóng cao cấp),,AMD | Intel,12 W (Chế độ hoạt động) - 3 W (Chế độ ngủ),In phun màu,,3790000,,"Phiếu mua hàng giảm 10% tối đa 300,000đ mua đèn năng lượng mặt trời"
170780,3641131000059,305435,75,Epson,Philippines hoặc Thái Lan,2021,Không,375,3,Hãng không công bố,macOS X 10.6.8 trở lên | Windows 7 | Windows 8 | Windows 8.1 | Windows Vista | Windows 11 | Windows 10 | Windows XP | iOS | Android,Wi-Fi Direct | Wifi,Khoảng 4500 trang (In trắng đen) - Khoảng 7500 trang (In màu),USB 2.0,347,179,5760 x 1440 dpi,10 giây (Đen trắng) - 16 giây (Màu) và 69 giây (ảnh có viền) - 90 giây (ảnh có viền),"33 trang/phút (Đen trắng) - 15 trang/phút (Màu) (In nháp) | 10 trang/phút (Đen trắng) - 5 trang/phút (Màu) (In giấy màu, A4)",500 - 1000 trang/tháng,Epson 003 C13T00V100 Đen | Epson 003 C13T00V300 Đỏ | Epson C13T00V200 Xanh dương | Epson 003 C13T00V400 Vàng,Không,Letter | A4 | B5 | A6 | 4 x 6 (inch) | 5 x 7 (inch) | DL | C6 | 5 x 8 (inch) | Legal | Indian-Legal (215 x 345 mm) | 16K (195 x 270 mm) | Hagaki (100 x 148 mm) | 8.5 x 13 (inch) | A5,Giấy Legal | Giấy Letter | Phong bì,30 tờ (giấy thường) - 20 tờ (giấy ảnh bóng cao cấp),100 tờ (giấy thường) | 20 tờ (giấy in ảnh bóng cao cấp),,AMD | Intel,12 W (Chế độ hoạt động) - 4.5 W (Chế độ ngủ),In phun màu,,4990000,,"Phiếu mua hàng giảm 10% tối đa 300,000đ mua đèn năng lượng mặt trời"
170779,3641131000058,305434,75,Epson,Philippines hoặc Thái Lan,2021,Không,375,3,Hãng không công bố,macOS X 10.6.8 trở lên | Windows 7 | Windows 8 | Windows 8.1 | Windows Vista | Windows 10 | Windows XP,Không,Khoảng 4500 trang (In trắng đen) - Khoảng 7500 trang (In màu),USB 2.0,347,179,5760 x 1440 dpi,10 giây (Đen trắng) - 16 giây (Màu) và 69 giây (ảnh có viền) - 90 giây (ảnh có viền),"33 trang/phút (Đen trắng) - 15 trang/phút (Màu) (In nháp) | 10 trang/phút (Đen trắng) - 5 trang/phút (Màu) (In giấy màu, A4)",500 - 1000 trang/tháng,Epson 003 C13T00V100 Đen | Epson 003 C13T00V300 Đỏ | Epson C13T00V200 Xanh dương | Epson 003 C13T00V400 Vàng,Không,A4 | B5 | A6 | 4 x 6 (inch) | 5 x 7 (inch) | Bao thư | DL | C6 | 5 x 8 (inch) | Legal | Indian-Legal (215 x 345 mm) | 16K (195 x 270 mm) | Hagaki (100 x 148 mm) | 8.5 x 13 (inch) | A5,Giấy Legal | Giấy Letter | Phong bì,30 tờ (giấy thường) - 20 tờ (giấy ảnh bóng cao cấp),100 tờ (giấy thường) | 20 tờ (giấy in ảnh bóng cao cấp),,AMD | Intel,14 W (Chế độ hoạt động) - 4 W (Chế độ chờ),In phun màu,,3990000,3830000,"Phiếu mua hàng giảm 10% tối đa 300,000đ mua đèn năng lượng mặt trời"
170717,3641131000057,303187,75,Epson,Philippines hoặc Thái Lan,2018,Không,375,3,Hãng không công bố,macOS X 10.6.8 trở lên | Windows 7 | Windows 8 | Windows 8.1 | Windows Vista | Windows 10 | Windows XP,Không,Khoảng 6000 trang (Epson 005) - 2000 trang (Epson 005S),USB 2.0,267,161,1440 x 720 dpi,8 giây,32 trang/phút,1000 trang/tháng,Epson 005S | Epson 005 C13T03Q100 Đen,Không,Letter | A4 | B5 | A6 | Legal | Indian-Legal (215 x 345 mm) | 16K (195 x 270 mm) | B6 | Hagaki (100 x 148 mm) | 8.5 x 13 (inch) | A5,,30 tờ,150 tờ,,,13 W (Chế độ hoạt động) - 2.4 W (Chế độ chờ),In phun Trắng đen,,3930000,3930000,"Phiếu mua hàng giảm 10% tối đa 300,000đ mua đèn năng lượng mặt trời"
169999,3641131000056,270179,75,Hp,Philippines,2019,LCD 2 dòng,381,8,256 MB,Mac OS(Apple® macOS High Sierra (v10.13) macOS Mojave (v10.14) macOS Catalina (v10.15) macOS Big Sur (v11)) | iOS 15.3.1 | Windows 8 | Windows 8.1 | Windows 10,Không,Khoảng 3000 trang,USB 2.0 | LAN,357,216,4800 x 600 dpi,6.3 giây,38 trang/phút,750-4000 trang/tháng,HP 76A CF276A Đen,Không,A4 | B5 | A6 | A5,,150 tờ,"Khay 1 100 tờ, khay 2 250 tờ",,,"495 W (chế độ in hoạt động), 5.5W (chế độ sẵn sàng), 0.5W (chế độ ngủ)",In laser trắng đen,,,,"Phiếu mua hàng giảm 10% tối đa 300,000đ mua đèn năng lượng mặt trời"
169998,3641131000055,270178,75,Hp,Trung Quốc,2019,Màn hình LED,382,10,64 MB,iOS 15.3.1 | Android | Windows,Không,"Đen khoảng 700 trang, Màu khoảng 500 trang",1 x Fast Ethernet | USB 2.0,309,211,600 x 600 dpi,11 giây (Đen trắng) - 19 giây (Màu),18 trang/phút (Đen trắng) - 4 trang/phút in (Màu),100-500 trang/tháng,HP 119A W2093A Hồng đỏ | HP 119A W2091A Xanh dương | HP 119A W2092A Vàng | HP 119A W2090A Đen,"Wi-Fi Direct (In qua điện thoại, máy tính bảng) | Google Cloud Print 2.0 | Apple AirPrint",A4 | B5 | A6 | A5,,50 tờ,150 tờ,,,"Đang in: 282 W, Chế độ Sẵn sàng: 27 W, Chế độ Ngủ: 1.0 W",In laser màu,,,,"Phiếu mua hàng giảm 10% tối đa 300,000đ mua đèn năng lượng mặt trời"
169997,3641131000054,270177,75,Hp,Trung Quốc,2019,Màn hình LED,382,10.04 kg,64 MB,Không tương thích macOS | Windows 7 | Windows 8.1 | Windows 10,Không,"Đen khoảng 700 trang, Màu khoảng 500 trang",USB 2.0,309,211,600 x 600 dpi,11 giây (Đen trắng) - 19 giây (Màu),18 trang/phút (Đen trắng) - 4 trang/phút in (Màu),100-500 trang/tháng,HP 119A W2093A Hồng đỏ | HP 119A W2091A Xanh dương | HP 119A W2092A Vàng | HP 119A W2090A Đen,Không,A4 | B5 | A6 | A5,Giấy trơn | Giấy nhẹ | Giấy in sẵn (Preprinted) | Giấy bóng | Giấy nặng | Giấy cực nặng | Giấy tái chế | Giấy nhãn | Giấy màu | Phiếu,50 tờ,150 tờ,Không,AMD | Intel,"Đang in: 282 W, Chế độ Sẵn sàng: 27 W, Chế độ Ngủ: 1,0 W",In laser màu,,6390000,,"Phiếu mua hàng giảm 10% tối đa 300,000đ mua đèn năng lượng mặt trời"
169996,3641131000053,270176,75,Hp,Trung Quốc,2021,Màn hình LCD,418,9,64 MB,macOS Catalina (10.15) | macOS Big Sur (11) | macOS Monterey (12.7) | macOS Mojave (10.14) | Windows 7 | Windows 8 | Windows 8.1 | Windows 11 | Linux | Windows 10 | iOS | Android,In bằng điện thoại | Wifi,Khoảng 700 trang,1 x Fast Ethernet | USB 2.0,308,294,600 x 600 dpi,7 giây,29 trang/phút,200-2000 trang/tháng,HP 136A W1360A Đen | HP 136X W1360X Đen,Wi-Fi Direct | HP Smart App | Công nghệ lọc ảnh chất lượng | Apple AirPrint,A4 | B5 | A6 | A5,"Giấy (laze, trơn, ráp, hảo hạng) | CardStock | Giấy nhãn | Bưu thiếp | Phong bì",100 tờ,Khay nạp giấy tự động ADF (40 tờ) | 150 tờ,A4,AMD | ARM 64 | Intel,453 W (Chế độ in hoạt động) - 3.3 W (Chế độ sẵn sàng) - 0.6 W (Chế độ ngủ),In laser trắng đen,,6590000,,"Phiếu mua hàng giảm 10% tối đa 300,000đ mua đèn năng lượng mặt trời"
169993,3641131000052,270164,75,Hp,Trung Quốc,2021,Màn hình LCD,368,7,64 MB,macOS Catalina (10.15) | macOS Big Sur (11) | macOS Monterey (12.7) | macOS Mojave (10.14) | Windows 7 | Windows 8 | Windows 8.1 | Windows 11 | Windows 10 | iOS | Android,In bằng điện thoại | Wifi,Khoảng 700 trang,1 x Fast Ethernet | USB 2.0,298,241,600 x 600 dpi,7 giây,29 trang/phút,200-2000 trang/tháng,HP 137A W1370A Đen | HP 134A W1340A Đen | HP 135X W1350X Đen | HP 137X W1370X Đen | HP 136A W1360A Đen | HP 136X W1360X Đen | HP 134X W1340X Đen | HP 135A W1350A Đen,HP Smart App | Công nghệ lọc ảnh chất lượng | Apple AirPrint,A4 | B5 | A6 | A5,"Giấy (laze, trơn, ráp, hảo hạng) | Giấy nền | Giấy nhãn | Bưu thiếp | Phong bì",100 tờ,150 tờ,A4,AMD | ARM 64 | Intel,453 W (Chế độ hoạt động) - 3.3 W (Chế độ sẵn sàng) - 0.6 W (Chế độ ngủ),In laser trắng đen,,5490000,,"Phiếu mua hàng giảm 10% tối đa 300,000đ mua đèn năng lượng mặt trời"
169992,3641131000051,270162,75,Hp,Việt Nam,2021,Không,356,5,64 MB,macOS Catalina (10.15) | macOS Big Sur (11) | macOS Monterey (12.7) | macOS Mojave (10.14) | Windows 7 | Windows 8 | Windows 8.1 | macOS 15 | Windows 11 | Windows 10 | iOS | Android,Không,Khoảng 700 trang,USB 2.0,216,152,600 x 600 dpi,7 giây,29 trang/phút,200-2000 trang/tháng,HP 137A W1370A Đen | HP 134A W1340A Đen | HP 135X W1350X Đen | HP 137X W1370X Đen | HP 136A W1360A Đen | HP 136X W1360X Đen | HP 134X W1340X Đen | HP 135A W1350A Đen,"Wi-Fi Direct (In qua điện thoại, máy tính bảng) | HP Smart App | Apple AirPrint",A4 | B5 | A6 | Bao thư | Legal | Executive | A5,"Giấy (laze, trơn, ráp, hảo hạng) | Giấy nền | Giấy nhãn | Bưu thiếp | Phong bì",100 tờ,150 tờ,A4,AMD | Intel,420 W (Chế độ hoạt động) - 2 W (Chế độ sẵn sàng) - 0.5 W (Chế độ ngủ),In laser trắng đen,,4290000,,"Phiếu mua hàng giảm 10% tối đa 300,000đ mua đèn năng lượng mặt trời"
169991,3641131000050,270160,75,Hp,Việt Nam,2021,Không,355,5,64 MB,macOS Catalina (10.15) | macOS Big Sur (11) | macOS Monterey (12.7) | macOS High Sierra (10.13) | macOS Mojave (10.14) | Windows 7 | Windows 8 | Windows 8.1 | macOS 15 | Windows 11 | Linux | Windows 10,Không,Khoảng 700 trang,USB 2.0,279,205,600 x 600 dpi,7 giây,29 trang/phút,200-2000 trang/tháng,HP 136A W1360A Đen | HP 136X W1360X Đen,HP Smart App,A4 | B5 | A6 | Bao thư | Legal | Executive | A5,"Giấy (laze, trơn, ráp, hảo hạng) | Giấy nền | Giấy nhãn | Bưu thiếp | Phong bì",100 tờ,150 tờ,A4,AMD | Intel,420 W (Chế độ hoạt động) - 2 W (Chế độ sẵn sàng) - 0.5 W (Chế độ ngủ),In laser trắng đen,,3590000,,"Phiếu mua hàng giảm 10% tối đa 300,000đ mua đèn năng lượng mặt trời"
169101,3641131000046,242866,75,Hp,Trung Quốc,,Màn hình LED,380,6,32 MB,Windows 10 | macOS,Không,Khoảng 5000 trang A4 (độ phủ 5%),USB 2.0,293,211,600 x 600 dpi,7.8 giây,20 trang/phút,‎250-2500 trang/tháng,HP 103A Neverstop Đen,Không,A4 | A6 | A5,,100 tờ,150 tờ,,,Hãng không công bố,In laser trắng đen,,,,"Phiếu mua hàng giảm 10% tối đa 300,000đ mua đèn năng lượng mặt trời"
169061,3641131000045,241928,75,Hp,Trung Quốc,2019,LCD 2 dòng,406,7,128 MB,OS X El Capitan (10.11) | macOS High Sierra (10.13) | macOS Sierra (10.12) | Windows 7 | Windows 8 | Windows 8.1 | Mac OS X Panther (10.3) | Windows 11 | Windows 10,Không,Khoảng 500 trang,USB 2.0,359,253,1200 x 1200 dpi,8.3 giây,20 trang/phút,100-2000 trang/tháng,HP 107A W1107A Đen,Không,Letter | A4 | B5 | A5,Giấy in màu | Giấy in phong bì | Giấy bạc halide | Giấy trơn | Giấy bông | Giấy in sẵn (Preprinted) | Giấy in bìa | Giấy in trái phiếu | Giấy mỏng | Giấy dày | Giấy tái chế | Giấy nhãn,100 tờ,150 tờ,,AMD | Intel,"300 W (Chế độ hoạt động), 38 W (Chế độ sẵn sàng)",In laser trắng đen,,3930000,3930000,"Phiếu mua hàng giảm 10% tối đa 300,000đ mua đèn năng lượng mặt trời"
169060,3641131000044,241927,75,Hp,Trung Quốc,2019,LCD 2 dòng,406,7,128 MB,OS X El Capitan (10.11) | macOS High Sierra (10.13) | macOS Sierra (10.12) | Windows 7 | Windows 8 | Windows 8.1 | Mac OS X Panther (10.3) | Windows 11 | Windows 10 | iOS | Android,In bằng điện thoại | Wifi,Khoảng 500 trang,USB 2.0,359,253,1200 x 1200 dpi,8.3 giây,20 trang/phút,100-2000 trang/tháng,HP 107A W1107A Đen,"Wi-Fi Direct (In qua điện thoại, máy tính bảng) | Google Cloud Print 2.0 | Apple AirPrint",A4 | B5 | Bao thư | A5,Giấy in màu | Giấy in phong bì | Giấy bạc halide | Giấy trơn | Giấy bông | Giấy in sẵn (Preprinted) | Giấy in bìa | Giấy in trái phiếu | Giấy mỏng | Giấy dày | Giấy tái chế | Giấy nhãn,100 tờ,150 tờ,Không,,"300 W (Chế độ hoạt động), 38 W (Chế độ Sẵn sàng), 1.9 W (Chế độ ngủ)",In laser trắng đen,,,,"Phiếu mua hàng giảm 10% tối đa 300,000đ mua đèn năng lượng mặt trời"
169059,3641131000043,241926,75,Hp,Trung Quốc,2019,Màn hình LED,331,4,64 MB,Không tương thích macOS | Windows 7 | Windows 8.1 | Windows 11 | Windows 10 | iOS | Android,Wifi,Khoảng 500 trang,USB 2.0,215,178,1200 x 1200 dpi,8.3 giây,20 trang/phút,100-1500 trang/tháng,HP 107A W1107A Đen,"Wi-Fi Direct (In qua điện thoại, máy tính bảng) | In không dây | Google Cloud Print 2.0 | Apple AirPrint",A4 | B5 | Bao thư | DL | Phong bì C5 | A5,Archive | Giấy trơn | Giấy bông | Giấy in sẵn (Preprinted) | Giấy mỏng | Giấy dày | CardStock | Giấy tái chế | Giấy nhãn | Giấy màu | Bond | Phong bì,100 tờ,150 tờ,,AMD | Intel,320 W (Chế độ hoạt động) - 33 W (Chế độ sẵn sàng),In laser trắng đen,,3340000,3340000,"Phiếu mua hàng giảm 10% tối đa 300,000đ mua đèn năng lượng mặt trời"
169058,3641131000042,241925,75,Hp,Trung Quốc,2019,Màn hình LED,331,4,64 MB,Không tương thích macOS | Windows 7 | Windows 8 | Windows 8.1 | Windows 11 | Windows 10,Không,Khoảng 500 trang,USB 2.0,215,178,1200 x 1200 dpi,8.3 giây,20 trang/phút,100-1500 trang/tháng,HP 105A W1105A Đen | HP 106A W1106A Đen | HP 107A W1107A Đen,Không,A4 | B5 | Bao thư | DL | Oficio2 (215.9 x 330.2 mm) | Phong bì C5 | A5,,100 tờ,150 tờ,,,320 W (Chế độ hoạt động) - 33 W (Chế độ sẵn sàng) - 1.1 W (Chế độ ngủ),In laser trắng đen,,,,"Phiếu mua hàng giảm 10% tối đa 300,000đ mua đèn năng lượng mặt trời"
168991,3641131000040,239306,75,Canon,Việt Nam,,Màn hình LCD,435,"5,9 kg",Hãng không công bố,Hỗ trợ macOS dưới 10.15 | Windows 10 | iOS | Android,In bằng điện thoại,Khoảng 100 trang,USB 2.0,295,189,1200 x 4800 dpi,11 giây (Đen trắng) - 19 giây (Màu),8.8 ảnh/phút (Đen trắng) - 4.4 ảnh/phút (Màu),30 - 100 trang,"Canon PG-745XL Đen | Canon PG-745 Đen | Canon CL-746XL Màu | Canon PG-745S Đen | Canon CL-746S Xanh, đỏ, vàng",Wi-Fi Direct | Canon Mobile Printing | Apple AirPrint,A4 | B5 | A5,,100 tờ,Khay nạp giấy tự động ADF (20 tờ),,,Hãng không công bố,In phun màu,,,,
168951,3641131000037,238253,75,Brother,Philippines,2021,Không,435,6,64 MB,macOS Catalina (10.15) | macOS Big Sur (11) | macOS Monterey (12.7) | macOS Mojave (10.14) | macOS Ventura (13.6/13.3) | Windows 7 | Windows 8 | Windows 8.1 | Windows 11 | Windows 10 | Windows XP,Không,Khoảng 7500 trang (Trắng đen) - 5000 trang (Màu),USB 2.0,359,159,1200 x 6000 dpi,6.5 giây (Đen trắng) - 10 giây (Màu),28 trang/phút (Đen trắng) - 11 trang/phút (Màu) | 16 ảnh/phút (Đen trắng) - 9 ảnh/phút (Màu),50-1000 trang/tháng,Brother BTD60BK Đen | Brother BT5000Y Vàng | Brother BT5000C Xanh dương | Brother BT5000M Hồng đỏ,iPrint & Scan,A4 | A6 | Bao thư | Legal | Folio | Executive | A5,Giấy thường | Giấy ảnh Brother BP60 Matte | Giấy in phun | Giấy tái chế | Giấy in ảnh | Giấy ảnh Brother BP71,50 tờ,150 tờ,Không,AMD | Intel,11 W,In phun màu,Không,,,"Phiếu mua hàng giảm 10% tối đa 300,000đ mua đèn năng lượng mặt trời"
168950,3641131000038,238252,75,Brother,Philippines,2021,Màn hình LCD,435,7,128 MB,macOS Catalina (10.15) | macOS Big Sur (11) | macOS Monterey (12.7) | macOS High Sierra (10.13) | macOS Mojave (10.14) | macOS Ventura (13.6/13.3) | Windows 7 | Windows 8 | Windows 8.1 | Windows 11 | Windows 10 | Windows XP | iOS | Android,Wi-Fi Direct | In bằng điện thoại | Wifi,Khoảng 7500 trang (Trắng Đen) - 5000 trang (Màu,USB 2.0,380,159,1200 x 6000 dpi,6 giây (Đen trắng) - 9.5 giây (Màu),17 ảnh/phút (Đen trắng) - 9.5 ảnh/phút (Màu) | 30 trang/phút (Đen trắng) - 12 trang/phút (Màu),50-1000 trang/tháng,Brother BTD60BK Đen | Brother BT5000Y Vàng | Brother BT5000C Xanh dương | Brother BT5000M Hồng đỏ,In bằng mail (Email Print) | Wi-Fi Direct | iPrint & Scan | In không dây | Google Cloud Print 2.0 | In không dây qua mạng LAN | Apple AirPrint,Letter | A4 | B5 | A6 | 4 x 6 (inch) | 5 x 7 (inch) | Legal | A5,,50 tờ,150 tờ,,,16 W,In phun màu,,,,"Phiếu mua hàng giảm 10% tối đa 300,000đ mua đèn năng lượng mặt trời"
168949,3641131000039,238251,75,Brother,Philippines,2021,Màn hình LCD,435,8,128 MB,macOS Catalina (10.15) | macOS Big Sur (11) | macOS Monterey (12.7) | macOS High Sierra (10.13) | macOS Mojave (10.14) | macOS Ventura (13.6/13.3) | Windows 7 | Windows 8 | Windows 8.1 | Windows 11 | Windows 10 | Windows XP | iOS | macOS | Android,Wi-Fi Direct | In bằng điện thoại | Wifi,Khoảng 7500 trang (Trắng Đen) - 5000 trang (Màu),USB 2.0,380,195,1200 x 6000 dpi,6 giây (Đen trắng) - 9.5 giây (Màu),17 ảnh/phút (Đen trắng) - 6.5 ảnh/phút (Màu) | 30 trang/phút (Đen trắng) - 26 trang/phút (Màu),50-1000 trang/tháng,Brother BTD60BK Đen | Brother BT5000Y Vàng | Brother BT5000C Xanh dương | Brother BT5000M Hồng đỏ,In bằng mail (Email Print) | Wi-Fi Direct | iPrint & Scan | In không dây | Google Cloud Print 2.0 | In không dây qua mạng LAN | Apple AirPrint,Letter | A4 | B5 | A6 | 4 x 6 (inch) | 5 x 7 (inch) | Legal | Folio | Executive | A5,Giấy thường | Giấy in phun | Giấy ảnh | Giấy tái chế | Giấy in ảnh,50 tờ,Khay nạp giấy tự động ADF (20 tờ) | 150 tờ,A5 | A4,,16 W,In phun màu,"Giấy thường, giấy tái chế",,,"Phiếu mua hàng giảm 10% tối đa 300,000đ mua đèn năng lượng mặt trời"
176851,3641131000031,226394,75,Hp,Trung Quốc,2017,Màn hình LCD,525,4,Hãng không công bố,Windows 8 | Windows 8.1 | Windows 10 | iOS | macOS | Android,In bằng điện thoại | Wifi,Khoảng 4000 trang A4 (độ phủ 5%),USB 2.0,310,158,1200 x 4800 dpi,14 giây,8 trang/phút (Đen trắng) - 5 trang/phút (Màu),100-1000 trang/tháng,HP GT52 M0H54AA Xanh dương | HP GT52 M0H55AA Hồng đỏ | HP GT52 M0H56AA Vàng | HP GT51 M0H57AA Đen,"Wi-Fi Direct | Wi-Fi Direct (In qua điện thoại, máy tính bảng) | In không dây | HP ePrint | In không dây qua mạng LAN | Apple AirPrint",A4 | A6 | 4 x 6 (inch) | 5 x 7 (inch) | A5,,25 tờ,60 tờ,,,2.1 W,In phun màu,,,,"Phiếu mua hàng giảm 10% tối đa 300,000đ mua đèn năng lượng mặt trời"
176850,3641131000030,226393,75,Hp,Trung Quốc,2018,Màn hình LCD,525,4,Hãng không công bố,Windows 8 | Windows 8.1 | Windows 10 | macOS,Không,Khoảng 5000 trang A4 (độ phủ 5%),USB 2.0,310,158,1200 x 4800 dpi,14 giây,8 trang/phút (Đen trắng) - 5 trang/phút (Màu),100-1000 trang/tháng,HP GT52 M0H54AA Xanh dương | HP GT52 M0H55AA Hồng đỏ | HP GT52 M0H56AA Vàng | HP GT51 M0H57AA Đen,Không,A4 | B5 | A6,,25 tờ,60 tờ,,,2.1 W,In phun màu,,,,"Phiếu mua hàng giảm 10% tối đa 300,000đ mua đèn năng lượng mặt trời"
176849,3641131000029,226392,75,Hp,Trung Quốc,2018,Màn hình LCD,523,3,Hãng không công bố,Windows 8 | Windows 8.1 | Windows 10 | macOS,,Khoảng 4000 trang A4 (độ phủ 5%),USB 2.0,284,259,1200 x 4800 dpi,14 giây,8 trang/phút (Đen trắng) - 5 trang/phút (Màu),100-1000 trang/tháng,HP GT52 M0H54AA Xanh dương | HP GT52 M0H55AA Hồng đỏ | HP GT52 M0H56AA Vàng | HP GT51 M0H57AA Đen,Không,A4 | B5 | A6,,25 tờ,60 tờ,,,Hãng không công bố,In phun màu,,,,"Phiếu mua hàng giảm 10% tối đa 300,000đ mua đèn năng lượng mặt trời"
176847,3641131000028,226262,75,Brother,Việt Nam,,Màn hình LCD,440,6,128 MB,macOS | Windows,Không,Khoảng 6500 trang A4 (độ phủ 5%),USB 2.0,380,160,1200 x 6000 dpi,15 giây,12 ảnh/phút (Đen trắng) - 6 ảnh/phút (Màu),‎250-2000 trang/tháng,Brother BTD60BK Đen | Brother BT5000Y Vàng | Brother BT5000C Xanh dương | Brother BT5000M Hồng đỏ,Không,A4 | A6 | A5,,50 tờ,150 tờ,,,14 W,In phun màu,,,,"Phiếu mua hàng giảm 10% tối đa 300,000đ mua đèn năng lượng mặt trời"
176845,3641131000035,226070,75,Brother,Việt Nam,,Màn hình LCD,440,6.65 kg,Hãng không công bố,iOS | macOS | Android | Windows,Wifi,Khoảng 6500 trang A4 (độ phủ 5%),USB 2.0,380,160,1200 x 6000 dpi,15 giây,12 ảnh/phút (Đen trắng) - 6 ảnh/phút (Màu),‎250-2000 trang/tháng,Brother BTD60BK Đen | Brother BT5000Y Vàng | Brother BT5000C Xanh dương | Brother BT5000M Hồng đỏ,Wi-Fi Direct | iPrint & Scan | In không dây | Google Cloud Print 2.0 | Apple AirPrint,A4 | A5,,50 tờ,150 tờ,,,14 W,In phun màu,,,,"Phiếu mua hàng giảm 10% tối đa 300,000đ mua đèn năng lượng mặt trời"
176843,3641131000032,225966,75,Canon,Việt Nam,2018,Không,445,4.8 kg,Hãng không công bố,Windows 7 | Windows 8.1 | Windows 11 | Windows 10,Không,Khoảng 7000 trang A4 (độ phủ 5%),USB 2.0,330,135,1200 x 4800 dpi,11 giây,8.8 ảnh/phút (Đen trắng)  - 5 ảnh/phút (Màu),150-1500 trang/tháng,Canon GI-790M Hồng đỏ | Canon GI-790Y Vàng | Canon GI-790 BK Đen | Canon GI-790C Xanh dương,Không,Letter | A4 | B5 | 8 x 10 (inch) | 4 x 6 (inch) | 5 x 7 (inch) | Envelope DL | Envelope COM10 | Danh thiếp | Square (5 x 5 inch) | Khổ tùy chỉnh ( từ 55 mm x 89 mm đến 215.9 mm x 676 mm) | A5,"Giấy ảnh mờ (MP-101) | Giấy thường | Giấy ảnh bóng ""Everyday Use"" (GP-508) | Giấy ảnh Plus Semi-Gloss (SG-201) | Giấy ảnh Plus Glossy II (PP-208) | Photo Sticker | Giấy có độ phân giải cao (HR-101N) | Phong bì | Giấy ảnh Plus Glossy II (PP-201)",50 tờ,100 tờ,Không,AMD | Intel,11W,In phun màu,Không,2590000,,"Phiếu mua hàng giảm 10% tối đa 300,000đ mua đèn năng lượng mặt trời"
176821,3641131000034,225442,75,Canon,Thái Lan,,Màn hình OLED,376,6,Hãng không công bố,Hỗ trợ macOS dưới 10.15 | Windows 7 | Windows 8.1 | Windows 10 | iOS | Android,In bằng điện thoại | Wifi,Giấy thường: Khoảng 250 trang. Giấy ảnh: Khoảng 96 trang,USB 2.0,359,141,1200 x 4800 dpi,21 giây,15 ảnh/phút(Đen trắng) - 10 ảnh/phút (Màu),100-1000 trang/tháng,Canon CLI-781M Hồng đỏ | Canon CLI-781BK Đen | Canon PGI-780 PGBK Đen | Canon CLI-781Y Vàng | Canon CLI-781C Xanh dương,Wi-Fi Direct | Google Cloud Print 2.0 | Canon Mobile Printing | Apple AirPrint,Letter | A4 | B5 | A5,,50 tờ,100 tờ,,,14W,In ảnh phun màu,,,,"Phiếu mua hàng giảm 10% tối đa 300,000đ mua đèn năng lượng mặt trời"
176818,3641131000033,225002,75,Canon,Việt Nam,2019,Không,403,6,Hãng không công bố,Windows 7 | Windows 8.1 | Windows 11 | Windows 10 | iOS | Android,In bằng điện thoại | Wifi,Khoảng 6000 trang A4 (độ phủ 5%),USB 2.0 | LAN,369,166,1200 x 4800 dpi,11 giây,13 trang/phút,150-1500 trang/tháng,"Canon GI-70 PGBK Đen | Canon CL-741 Xanh, đỏ, vàng",Wi-Fi Direct | Google Cloud Print 2.0 | Canon Mobile Printing,Letter | A4 | B5 | Bao thư | DL | Legal | Phong bì COM10 | A5,,50 tờ,250 tờ,,,Hãng không công bố,In phun Trắng đen,,,,"Phiếu mua hàng giảm 10% tối đa 300,000đ mua đèn năng lượng mặt trời"
176817,3641131000036,225001,75,Canon,Việt Nam,,Màn hình LCD,445,6.3 kg,Hãng không công bố,Windows 7 | Windows 10 | iOS | Android | Windows,In bằng điện thoại | Wifi,Khoảng 7000 trang A4 (độ phủ 5%),USB 2.0,330,163,1200 x 4800 dpi,11 giây,8.8 ảnh/phút (Đen trắng)  - 5 ảnh/phút (Màu),150-1500 trang/tháng,Canon GI-790M Hồng đỏ | Canon GI-790Y Vàng | Canon GI-790 BK Đen | Canon GI-790C Xanh dương,Wi-Fi Direct | Google Cloud Print 2.0 | Canon Mobile Printing,A4 | B5 | A5,,50 tờ,100 tờ,,,Hãng không công bố,In phun màu,,,,"Phiếu mua hàng giảm 10% tối đa 300,000đ mua đèn năng lượng mặt trời"
175909,3641131000027,209211,75,Hp,Trung Quốc,2019,Màn hình LED,380,6,32 MB,iOS | macOS | Android | Windows,In bằng điện thoại | Wifi,Khoảng 5000 trang A4 (độ phủ 5%),USB 2.0,293,211,600 x 600 dpi,7.8 giây,20 trang/phút,‎250-2500 trang/tháng,HP 103A Neverstop Đen,"Wi-Fi Direct (In qua điện thoại, máy tính bảng) | In không dây | Google Cloud Print 2.0 | In không dây qua mạng LAN | Apple AirPrint",A4 | A6 | A5,,100 tờ,150 tờ,,,365 W (Đang in) - 2.8 W (Chế độ sẵn sàng) - 0.6 W (Chế độ nghỉ),In laser trắng đen,,,,"Phiếu mua hàng giảm 10% tối đa 300,000đ mua đèn năng lượng mặt trời"
172211,3641131000106,357652,75,Canon,Việt Nam,2018,Màn hình LCD,455,6.3 kg,Chia sẻ bộ nhớ với máy tính,Windows 8.1 | Windows 7 SP1 | Windows 11 | Windows 10,Wifi,Khoảng 6.000 trang (Trắng đen) - 7.000 trang (Màu),USB 2.0,330,163,1200 x 4800 dpi,17 giây,8.8 trang/phút (Đen trắng) - 5 trang/phút (Màu),150-1500 trang/tháng,Canon GI-790M Hồng đỏ | Canon GI-790Y Vàng | Canon GI-790 BK Đen | Canon GI-790C Xanh dương,Canon Print Inkjet/Selphy App (iOS/Android) | Pixma Cloud Link | Plug-in cho thiết bị Android/Amazon | Canon Easy-PhotoPrint (Windows RT) | Google Cloud Print | Mopria,"Letter | A4 | B5 | 8 x 10 (inch) | 4 x 6 (inch) | 5 x 7 (inch) | DL | Legal | Phong bì COM10 | Danh thiếp | Square (5 x 5 inch) | Khổ tùy chỉnh (rộng 55 - 215.9 mm, dài 89 - 676 mm) | A5","Giấy ảnh mờ (MP-101) | Giấy thường | Giấy ảnh bóng ""Everyday Use"" (GP-508) | Giấy ảnh Plus Semi-Gloss (SG-201) | Giấy ảnh Plus Glossy II (PP-208) | Photo Sticker | Giấy độ phân giải cao | Phong bì | Giấy ảnh Plus Glossy II (PP-201)",50 tờ A4/Letter hoặc 10 tờ Legal,100 tờ,Không,AMD | Intel,11W,In phun màu,Không,5290000,,"Phiếu mua hàng giảm 10% tối đa 300,000đ mua đèn năng lượng mặt trời"
187981,3641131000077,115887,75,Brother,Việt Nam,2016,LCD 16 ký tự x 2 dòng,409,11,32 MB,macOS X 10.8.5 trở lên | Windows 7 | Windows 8 | Windows 8.1 | Windows XP,Wi-Fi Direct | In bằng điện thoại,Khoảng 2600 trang,USB 2.0 | LAN,398,316,600 x 600 dpi,8.5 giây,30 trang/phút,‎250-2000 trang/tháng,Brother TN-2385 Đen,Wi-Fi Direct | iPrint & Scan | In không dây | Apple AirPrint | Mopria,A4 | A6 | Bao thư | Legal | Folio | Executive | A5,,100 tờ,250 tờ,,,60 W,In laser trắng đen,,,,"Phiếu mua hàng giảm 10% tối đa 300,000đ mua đèn năng lượng mặt trời"
188113,3641131000048,241291,75,Canon,Trung Quốc,,Không,143,0,Hãng không công bố,macOS | Android,Wifi,Không có,Cổng sạc Micro USB,102,31,287 x 287 dpi,Hãng không công bố,Khoảng 43 giây (65 x 65 mm),Không khuyến nghị,,SELPHY Photo Layout App | SELPHY’s overcoat (Độ bền 100 năm),Giấy Sticker Label Set XS-20L,,Không có,10 tờ,,,Hãng không công bố,In ảnh (in nhiệt),,,,"Phiếu mua hàng giảm 10% tối đa 300,000đ mua đèn năng lượng mặt trời"
174864,3641131000041,204884,75,Brother,Việt Nam,2019,Màn hình LCD,410,11,128 MB,macOS Catalina (10.15) | macOS Big Sur (11) | macOS Monterey (12.7) | macOS High Sierra (10.13) | macOS Mojave (10.14) | macOS Ventura (13.6/13.3) | Windows 7 | Windows 8 | Windows 8.1 | Windows 11 | Windows 10 | iOS | Android,Wi-Fi Direct | In bằng điện thoại | Wifi,Khoảng 2600 trang,USB 2.0 | LAN,398,318,2400 x 600 dpi,9 giây,34-36 trang/phút,‎250-2000 trang/tháng,Brother TN-B022 Đen,Wi-Fi Direct | iPrint & Scan | In không dây | Google Cloud Print 2.0 | In không dây qua mạng LAN | Apple AirPrint,A4 | B5 | A6 | Bao thư | Legal | Folio | Executive | A5,,100 tờ,250 tờ | Khay nạp giấy tự động ADF (50 tờ),A4,,"475 W (Chế độ hoạt động), 6.2 W (Chế độ sẵn sàng), 6.2 W (Chế độ ngủ)",In laser trắng đen,,,,"Phiếu mua hàng giảm 10% tối đa 300,000đ mua đèn năng lượng mặt trời"
174868,3641131000026,204890,75,Hp,Việt Nam,,LCD 2 dòng,,9.4 kg,256 MB,iOS | Android | Windows,,,USB 2.0,,,1200 x 1200 dpi,7.3 giây,,‎250-2000 trang/tháng,HP 30A CF230A Đen,Google Cloud Print 2.0 | Apple AirPrint,A4 | B5 | A6 | A5,,150 tờ,,,,475W,In laser trắng đen,,,,"Phiếu mua hàng giảm 10% tối đa 300,000đ mua đèn năng lượng mặt trời"
174867,3641131000024,204888,75,Canon,Việt Nam,,Màn hình LCD 5 dòng + Đèn sau,,8.4 kg,256 MB,iOS | macOS | Android | Windows,,,USB 2.0,,,2400 x 600 dpi,9 giây,,‎250-2000 trang/tháng,Canon 047,Wi-Fi Direct | In không dây | Google Cloud Print 2.0 | Apple AirPrint,A4 | B5 | Bao thư | A5,,100 tờ,,,,Đang cập nhật,In laser trắng đen,,,,"Phiếu mua hàng giảm 10% tối đa 300,000đ mua đèn năng lượng mặt trời"
174866,3641131000023,204887,75,Canon,Philippines,,LCD 5 dòng + Phím số,400,8.8 kg,1 GB,iOS | macOS | Android | Windows,In bằng điện thoại | Wifi,Khoảng 1500 - 2200 trang A4 (độ phủ 5%),USB 2.0,365,250,2400 x 600 dpi,5.7 giây,38 trang/phút,750-4000 trang/tháng,Canon 052 Đen,In không dây,Letter | A4,,150 tờ,250 tờ,,,540 W,In laser trắng đen,,,,"Phiếu mua hàng giảm 10% tối đa 300,000đ mua đèn năng lượng mặt trời"
174865,3641131000021,204885,75,Brother,Philippines,,Có màn hình,435,8,128 MB,iOS | Android | Windows,In bằng điện thoại | Wifi,Khoảng 6500 trang A4 (độ phủ 5%),USB 2.0,380,195,1200 x 6000 dpi,15 giây,12 ảnh/phút (Đen trắng) - 10 ảnh/phút (Màu),‎250-2000 trang/tháng,,Wi-Fi Direct | iPrint & Scan | In không dây | Google Cloud Print 2.0 | Apple AirPrint,A4 | A5,,50 tờ,Khay nạp giấy tự động ADF (20 tờ) | 150 tờ,,,14 W,In phun màu,,,,"Phiếu mua hàng giảm 10% tối đa 300,000đ mua đèn năng lượng mặt trời"
172995,3641131000019,195660,75,Hp,Việt Nam,,Có màn hình,,6.9 kg,32 MB,macOS | Android | Windows,,Khoảng 500 trang,USB 2.0,,,600 x 600 dpi,8 giây,,100-1000 trang/tháng,HP 48A CF248A Đen,In không dây,A4 | A6 | A5,,150 tờ,,,,365 W,In laser trắng đen,,,,
172994,3641131000018,195659,75,Hp,Việt Nam,,Có màn hình,,6.9 kg,32 MB,Linux | Android | Windows,,Khoảng 500 trang,USB 2.0,,,600 x 600 dpi,8 giây,,100-1000 trang/tháng,HP 48A CF248A Đen,Không,A4 | A6 | A5,,150 tờ,,,,365 W,In laser trắng đen,,,,"Phiếu mua hàng giảm 10% tối đa 300,000đ mua đèn năng lượng mặt trời"
172991,3641131000017,195122,75,Hp,Việt Nam,,Không,,3.8 kg,16 MB,Linux | macOS | Android | Windows,,Khoảng 500 trang,USB 2.0,,,600 x 600 dpi,8 giây,,‎250-2000 trang/tháng,HP 48A CF248A Đen,Wi-Fi Direct | In không dây | HP ePrint | Google Cloud Print 2.0,A4 | B5 | A6 | A5,,100 tờ,,,,220 W,In laser trắng đen,,,,
172990,3641131000016,195121,75,Hp,Việt Nam,,Không,,3.8 kg,8 MB,macOS | Windows,,Khoảng 500 trang,USB 2.0,,,600 x 600 dpi,8 giây,,‎250-2000 trang/tháng,HP 48A CF248A Đen,Không,A4 | B5 | A6 | A5,,100 tờ,,,,220 W,In laser trắng đen,,,,
172902,3641131000014,155003,75,Hp,Việt Nam,,Có màn hình,,8 kg,128 MB,iOS | Windows,,,USB 2.0,,,HP FastRes 1200 dpi | 600 x 600 dpi,9 giây,,100-1000 trang/tháng,HP 79A CF279A Đen,Không,A4 | A6 | A5,,100 tờ,,,,355 W,In laser trắng đen,,,,"Phiếu mua hàng giảm 10% tối đa 300,000đ mua đèn năng lượng mặt trời"
172901,3641131000013,154996,75,Hp,Việt Nam,,Không,,5.2 kg,8 MB,macOS | Windows,,,USB 2.0,,,HP FastRes 1200 dpi | 600 x 600 dpi,9 giây,,100-1000 trang/tháng,HP 79A CF279A Đen,In không dây | HP ePrint,A4 | A6 | A5,,100 tờ,,,,375 W,In laser trắng đen,,,,"Phiếu mua hàng giảm 10% tối đa 300,000đ mua đèn năng lượng mặt trời"
172900,3641131000012,154989,75,Hp,Việt Nam,,Không,350,5,8 MB,macOS | Windows,,Khoảng 500 trang A4 (độ phủ 5%),USB 2.0,230,200,HP FastRes 1200 dpi | 600 x 600 dpi,9 giây,18 trang/phút,100-1000 trang/tháng,HP 79A CF279A Đen,Không,A4 | A5,,100 tờ,150 tờ,,,375 W,In laser trắng đen,,,,"Phiếu mua hàng giảm 10% tối đa 300,000đ mua đèn năng lượng mặt trời"
172814,3641131000011,133896,75,Hp,Trung Quốc,,Không,,5.9 kg,16 MB,macOS | Windows,,,USB 2.0,,,600 x 600 dpi,7.3 giây,,‎250-2500 trang/tháng,HP 26A CF226A Đen,Không,A4 | A6 | A5,,50 tờ,,,,550W,In laser trắng đen,,,,"Phiếu mua hàng giảm 10% tối đa 300,000đ mua đèn năng lượng mặt trời"
172670,3640045000052,115938,75,Hp,Trung Quốc,,LCD 2 dòng,,8.58 kg,128 MB,macOS | Windows,,,USB 2.0 | LAN,,,HP FastRes 1200 dpi | 600 x 1200 dpi,5.7 giây,,750-4000 trang/tháng,HP 26X CF226X High Yield Đen,HP ePrint | Google Cloud Print 2.0 | Apple AirPrint,A4 | Bao thư,,150 tờ,,,,591 W,In laser trắng đen,,,,"Phiếu mua hàng giảm 10% tối đa 300,000đ mua đèn năng lượng mặt trời"
172669,3640045000051,115937,75,Hp,,,,,,,,,,,,,,,,,,,,,,,,,,,,,,"Phiếu mua hàng giảm 10% tối đa 300,000đ mua đèn năng lượng mặt trời"
175051,3640045000027,205982,75,Canon,Việt Nam,2015,Không,365,5.0 kg,32 MB,macOS Ventura (13.6/13.3) | macOS Sierra (10.12) | Windows 7 | Windows 8 | Windows Vista | Windows 11 | Windows 10 | Windows XP | iOS | Android,Wifi,Khoảng 800 - 1200 trang A4 (độ phủ 5%),USB 2.0,250,190,2400 x 600 dpi,7.8 giây,18 trang/phút,200-800 trang/tháng,Canon 325,In không dây,Letter | A4 | B5 | Legal | Executive | Envelope DL | Envelope COM10 | Envelope C5 | Envelope Monarch | 16K | Khổ tùy chỉnh (từ 76.2 mm x 188 mm đến 215.9 mm x 355.6 mm) | A5,Giấy thường | Giấy trong suốt | Giấy dày | Phong bì | Giấy dán nhãn,100 tờ,150 tờ,Không,AMD | Intel,320W,In laser trắng đen,Không,4090000,,"Phiếu mua hàng giảm 10% tối đa 300,000đ mua đèn năng lượng mặt trời"
172668,3640045000050,115936,75,Hp,,,,,,,,,,,,,,,,,,,,,,,,,,,,,,"Phiếu mua hàng giảm 10% tối đa 300,000đ mua đèn năng lượng mặt trời"
175050,3640045000030,205981,75,Canon,Việt Nam,,Màn hình LED,,7.0 kg,64 MB,iOS | macOS | Android | Windows,,Khoảng 800 - 1200 trang,USB 2.0,,,2400 x 600 dpi,5.7 giây,,500-1500 trang/tháng,Canon 326,In không dây qua mạng LAN,A4 | Bao thư,,100 tờ,,,,Đang cập nhật,In laser trắng đen,,,,
172667,3640045000049,115935,75,Hp,Đang cập nhật,,196 x 34 Pixel Graphic LCD,,5.9 kg,128 MB,macOS | Windows,,,USB 2.0 | LAN,,,600 x 600 dpi,8 giây,,‎250-2000 trang/tháng,,HP ePrint | Apple AirPrint,,,150 tờ,,,,450 W,In laser trắng đen,,,,
175049,3640045000024,205980,75,Canon,Hàn Quốc,2015,Màn hình LCD 5 dòng,390,10,512 MB,macOS | Windows,Không,Khoảng 1200 - 1600 trang A4,USB 2.0,365,310,1200 x 1200 dpi,5.7 giây,27 trang/phút,‎250-2000 trang/tháng,Canon 337,Không,Letter (216 x 279 mm) | A4 | B5 | Foolscap (216 x 330 mm) | Legal (Government) (203 x 330 mm) | Envelope Monarch (98.4 x 190.5 mm) | Legal (India) (215 x 345 mm) | Envelope C5 (162 x 229 mm) | F4A (216 x 343 mm) | Legal (216 x 356 mm) | Executive (184 x 267 mm) | Oficio (Brazil) (216 x 355 mm) | Statement (140 x 216 mm) | Oficio (Mexico) (216 x 341 mm) | Letter (Government) (203 x 267 mm) | Foolscap (Australia) (206 x 338 mm) | 3 x 5 (inch) | Oficio (216 x 318 mm) | Envelope No. 10 (COM10) (104.7 x 241.3 mm) | Envelope DL (110 x 220 mm) | A5,Giấy thường | Giấy dày | Giấy tái chế | Giấy nhãn | Giấy màu | Bond | Phong bì,100 tờ,250 tờ,Legal (216 x 356 mm) | Letter (216 x 279 mm) | F4A (216 x 343 mm) | Foolscap (216 x 330 mm) | Oficio (Brazil) (216 x 355 mm) | Oficio (216 x 318 mm) | Legal (India) (215 x 345 mm) | Oficio (Mexico) (216 x 341 mm) | A4,AMD | Intel,490 W,In laser trắng đen,"Giấy thường, giấy dày, giấy màu, giấy tái chế, bond",,,"Phiếu mua hàng giảm 10% tối đa 300,000đ mua đèn năng lượng mặt trời"
172666,3640045000048,115934,75,Hp,,,,,,,,,,,,,,,,,,,,,,,,,,In phun màu,,,,"Phiếu mua hàng giảm 10% tối đa 300,000đ mua đèn năng lượng mặt trời"
172665,3640045000047,115933,75,Hp,,,,,,,,,,,,,,,,,,,,,,,,,,In phun màu,,,,"Phiếu mua hàng giảm 10% tối đa 300,000đ mua đèn năng lượng mặt trời"
172664,3640045000046,115932,75,Hp,Đang cập nhật,,LCD 2 dòng,,9.4 kg,256 MB,macOS | Windows,,,USB 2.0 | LAN,,,1200 x 1200 dpi,Đang cập nhật,,‎250-2500 trang/tháng,HP 30A CF230A Đen,HP ePrint | Google Cloud Print 2.0 | Apple AirPrint,A4 | B5 | A6 | A5,,150 tờ,,,,475 W,In laser trắng đen,,,,"Phiếu mua hàng giảm 10% tối đa 300,000đ mua đèn năng lượng mặt trời"
172663,3640045000043,115929,75,Hp,,,,,,,,,,,,,,,,,,,,,,,,,,In phun màu,,,,"Phiếu mua hàng giảm 10% tối đa 300,000đ mua đèn năng lượng mặt trời"
172662,3640045000042,115928,75,Hp,Đang cập nhật,,Đang cập nhật,,Đang cập nhật,128 MB,macOS | Windows,,,USB 2.0 | LAN,,,2400 x 600 dpi,Đang cập nhật,,Đang cập nhật,,In không dây | HP ePrint | Apple AirPrint,,,Đang cập nhật,,,,Đang cập nhật,In laser màu,,,,
172661,3640045000041,115927,75,Epson,Đang cập nhật,,Không,,-,Đang cập nhật,,,,USB 2.0,,,Đang cập nhật,Đang cập nhật,,Đang cập nhật,,Không,,,Đang cập nhật,,,,-,,,,,"Phiếu mua hàng giảm 10% tối đa 300,000đ mua đèn năng lượng mặt trời"
172660,3640045000040,115926,75,Epson,Đang cập nhật,,Không,,Đang cập nhật,Đang cập nhật,macOS | Windows,,,USB 2.0,,,5760 x 1440 dpi,8 giây,,Đang cập nhật,,In không dây,,,Đang cập nhật,,,,Đang cập nhật,In phun màu,,,,"Phiếu mua hàng giảm 10% tối đa 300,000đ mua đèn năng lượng mặt trời"
172659,3640045000039,115925,75,Epson,Đang cập nhật,,Đang cập nhật,,Đang cập nhật,Đang cập nhật,macOS | Windows,,,USB 2.0,,,720 x 720 dpi,Đang cập nhật,,Đang cập nhật,,Đang cập nhật,,,Đang cập nhật,,,,Đang cập nhật,In phun màu,,,,"Phiếu mua hàng giảm 10% tối đa 300,000đ mua đèn năng lượng mặt trời"
172658,3640045000038,115924,75,Epson,Đang cập nhật,,Không,,4.1 kg,128 KB,Windows,,,USB 2.0,,,144 x 240 dpi,Đang cập nhật,,Đang cập nhật,Epson 8750 Đen | Epson S015569 Đen,Đang cập nhật,A4,,Đang cập nhật,,,,27 W,Đang cập nhật,,,,"Phiếu mua hàng giảm 10% tối đa 300,000đ mua đèn năng lượng mặt trời"
172657,3640045000037,115923,75,Epson,,,,,,,,,,,,,,,,,,,,,,,,,,In phun màu,,,,"Phiếu mua hàng giảm 10% tối đa 300,000đ mua đèn năng lượng mặt trời"
172656,3640045000036,115922,75,Epson,,,,,,,,,,,,,,,,,,,,,,,,,,In phun màu,,,,"Phiếu mua hàng giảm 10% tối đa 300,000đ mua đèn năng lượng mặt trời"
172655,3640045000035,115921,75,Epson,Đang cập nhật,,Không,,4.4 kg,Đang cập nhật,macOS | Windows,,,USB 2.0,,,5760 x 1440 dpi,Đang cập nhật,,Đang cập nhật,,Đang cập nhật,,,Đang cập nhật,,,,Đang cập nhật,In phun màu,,,,"Phiếu mua hàng giảm 10% tối đa 300,000đ mua đèn năng lượng mặt trời"
172654,3640045000034,115920,75,Epson,,,,,,,,,,,,,,,,,,,,,,,,,,In phun màu,,,,"Phiếu mua hàng giảm 10% tối đa 300,000đ mua đèn năng lượng mặt trời"
172653,3640045000033,115919,75,Epson,,,,,,,,,,,,,,,,,,,,,,,,,,In phun màu,,,,"Phiếu mua hàng giảm 10% tối đa 300,000đ mua đèn năng lượng mặt trời"
172652,3640045000032,115918,75,Epson,,,,,,,,,,,,,,,,,,,,,,,,,,In phun màu,,,,"Phiếu mua hàng giảm 10% tối đa 300,000đ mua đèn năng lượng mặt trời"
172651,3640045000031,115917,75,Canon,Đang cập nhật,,Có màn hình,,8 kg,512 MB,iOS | macOS | Android | Windows,,,USB 2.0 | LAN,,,1200 x 1200 dpi,15 giây,,500-1500 trang/tháng,Canon 325,Google Cloud Print 2.0 | Canon Mobile Printing | Apple AirPrint,A4 | B5 | Bao thư | Legal | Executive | A5,,100 tờ,,,,220 - 240V,In laser trắng đen,,,,
172650,3640045000029,115915,75,Canon,Việt Nam,,Đang cập nhật,,Đang cập nhật,Đang cập nhật,macOS | Windows,,,USB 2.0,,,1200 x 4800 dpi,Đang cập nhật,,Đang cập nhật,,Không,,,Đang cập nhật,,,,Đang cập nhật,In phun màu,,,,
172649,3640045000028,115914,75,Canon,,,,,,,,,,,,,,,,,,,,,,,,,,,,,,
172648,3640045000026,115912,75,Canon,Việt Nam,2016,Không,364,5 kg,32 MB,Windows 7 | Windows 8 | Windows 8.1 | Windows Vista | Linux | Windows XP | macOS,,700 trang,USB 2.0,249,199,600 x 600 dpi,7.8 giây,18 trang/phút,200-800 trang/tháng,Canon 325,Không,Letter | A4 | B5 | Legal | 16K (195 x 270 mm) | Executive | Envelope DL | Envelope COM10 | Envelope C5 | Envelope Monarch | A5,,100 tờ,150 tờ,,,320W,In laser trắng đen,,,,"Phiếu mua hàng giảm 10% tối đa 300,000đ mua đèn năng lượng mặt trời"
172647,3640045000025,115911,75,Canon,Đang cập nhật,,Đang cập nhật,,Đang cập nhật,16 MB,macOS | Windows,,,USB 2.0,,,2400 x 600 dpi,Đang cập nhật,,Đang cập nhật,,Đang cập nhật,,,Đang cập nhật,,,,Đang cập nhật,In laser màu,,,,
172645,3640045000023,115908,75,Canon,Đang cập nhật,,Đang cập nhật,,5.8kg,Đang cập nhật,macOS | Windows,,,,,,1200 x 4800 dpi,Đang cập nhật,,Đang cập nhật,,In không dây | Google Cloud Print 2.0,,,Đang cập nhật,,,,"AC 100 - 240V, 50 / 60Hz",In phun màu,,,,
172644,3640045000022,115907,75,Canon,Đang cập nhật,,Không,,Đang cập nhật,Đang cập nhật,macOS | Windows,,,USB 2.0,,,1200 x 4800 dpi,8 giây,,Đang cập nhật,,Đang cập nhật,,,Đang cập nhật,,,,"AC 100 - 240V, 50 / 60Hz",,,,,
172643,3640045000021,115906,75,Canon,,,,,,,,,,,,,,,,,,,,,,,,,,In phun màu,,,,
172642,3640045000020,115905,75,Canon,,,,,,,,,,,,,,,,,,,,,,,,,,,,,,
172641,3640045000019,115904,75,Canon,,,,,,,,,,,,,,,,,,,,,,,,,,In phun màu,,,,
172640,3640045000018,115903,75,Brother,Đang cập nhật,,Đang cập nhật,,Đang cập nhật,128 MB,macOS | Windows,,,USB 2.0,,,2400 x 600 dpi,8 giây,,Đang cập nhật,,In không dây | Đang cập nhật,,,Đang cập nhật,,,,Đang cập nhật,In laser trắng đen,,,,"Phiếu mua hàng giảm 10% tối đa 300,000đ mua đèn năng lượng mặt trời"
172639,3640045000017,115902,75,Brother,Việt Nam,2014,Không,360,6,8 MB,macOS Catalina (10.15) | macOS Big Sur (11) | macOS Monterey (12.7) | macOS High Sierra (10.13) | macOS Mojave (10.14) | macOS Ventura (13.6/13.3) | Windows 7 | Windows 8 | Windows 8.1 | Windows 11 | Windows 10 | Windows XP,Không,Khoảng 2600 trang A4 (độ phủ 5%),USB 2.0,356,183,2400 x 600 dpi,8 giây,30 trang/phút,‎250-2500 trang/tháng,Brother TN-2385 Đen,Không,A4 | B5 | Bao thư | Legal | Folio | Executive | A5,Giấy thường | Giấy bông | Bao thư mỏng | Bao thư dày | Giấy mỏng | Giấy dày | Giấy tái chế | Giấy nhãn,100 tờ,250 tờ,A4,AMD | ARM (chỉ in được 1 mặt) | Intel,"537 W (Chế độ hoạt động), 58 W (Chế độ sẵn sàng), 5.4 W (Chế độ ngủ)",In laser trắng đen,"Giấy thường, giấy mỏng, giấy tái chế",3490000,,"Phiếu mua hàng giảm 10% tối đa 300,000đ mua đèn năng lượng mặt trời"
172638,3640045000016,115901,75,Brother,,,,,,,,,,,,,,,,,,,,,,,,,,,,,,"Phiếu mua hàng giảm 10% tối đa 300,000đ mua đèn năng lượng mặt trời"
172637,3640045000015,115900,75,Brother,Việt Nam,,Có màn hình,,6.8 kg,32 MB,macOS | Windows,,Khoảng 2600 trang,USB 2.0 | LAN,,,2400 x 600 dpi,8 giây,,‎250-2500 trang/tháng,Brother TN-2385 Đen,Google Cloud Print 2.0 | Apple AirPrint,A4 | A6 | Bao thư | Legal | Folio | Executive | A5,,100 tờ,,,,58 W,In laser trắng đen,,,,"Phiếu mua hàng giảm 10% tối đa 300,000đ mua đèn năng lượng mặt trời"
172636,3640045000014,115899,75,Brother,Việt Nam,2014,Có màn hình,409,11,32 MB,macOS Catalina (10.15) | macOS Big Sur (11) | macOS Monterey (12.7) | macOS High Sierra (10.13) | macOS Mojave (10.14) | macOS Ventura (13.6/13.3) | Windows 7 | Windows 8 | Windows 8.1 | Windows 11 | Windows 10 | Windows XP,Không,Khoảng 2600 trang A4 (độ phủ 5%),USB 2.0,398,316,2400 x 600 dpi,8 giây,30 trang/phút,‎250-2000 trang/tháng,Brother TN-2385 Đen,Không,A4 | B5 | A6 | Bao thư | Legal | Folio | Executive | A5,Giấy thường | Giấy bông | Bao thư mỏng | Bao thư dày | Giấy mỏng | Giấy dày | Bao thư | Giấy tái chế | Giấy nhãn,100 tờ,250 tờ,A4,AMD | Intel,"510 W (Chế độ hoạt động), 60 W (Chế độ sẵn sàng), 6.6 W (Chế độ ngủ)",In laser trắng đen,,4990000,,"Phiếu mua hàng giảm 10% tối đa 300,000đ mua đèn năng lượng mặt trời"
172635,3640045000013,115898,75,Brother,Đang cập nhật,,Đang cập nhật,,Đang cập nhật,64 MB,macOS | Windows,,,USB 2.0,,,1200 x 6000 dpi,Đang cập nhật,,Đang cập nhật,,In không dây,,,Đang cập nhật,,,,Đang cập nhật,In phun màu,,,,"Phiếu mua hàng giảm 10% tối đa 300,000đ mua đèn năng lượng mặt trời"
172634,3640045000012,115897,75,Brother,Philippines,,Không,,8.3 kg,64 MB,macOS | Windows,,,USB 2.0,,,1200 x 6000 dpi,11 giây,,Đang cập nhật,Brother BT6000BK Đen,In không dây,A4 | A5,,100 tờ,,,,Đang cập nhật,In phun màu,,,,"Phiếu mua hàng giảm 10% tối đa 300,000đ mua đèn năng lượng mặt trời"
172633,3640045000011,115896,75,Brother,Philippines,,Có màn hình,,7kg,64 MB,macOS | Windows,,,USB 2.0,,,1200 x 6000 dpi,8 giây,,‎250-2000 trang/tháng,Brother BTD60BK Đen | Brother BT5000Y Vàng | Brother BT5000C Xanh dương | Brother BT5000M Hồng đỏ,Không,A4 | B5 | A6 | Bao thư | Legal | Executive | A5,,50 tờ,,,,"In trắng đen 27 trang/phút, in màu 10 trang/phút",In phun màu,,,,"Phiếu mua hàng giảm 10% tối đa 300,000đ mua đèn năng lượng mặt trời"
172632,3640045000010,115895,75,Brother,Việt Nam,,Có màn hình,,11.4 kg,32 MB,Android,,,USB 2.0,,,2400 x 600 dpi,15 giây,,‎250-2000 trang/tháng,Brother TN-2385 Đen,In không dây,A4 | A6 | Bao thư | Folio | Executive | A5,,100 tờ,,,,60 W,In laser trắng đen,,,,"Phiếu mua hàng giảm 10% tối đa 300,000đ mua đèn năng lượng mặt trời"
172631,3640045000009,115894,75,Brother,,,,,,,,,,,,,,,,,,,,,,,,,,,,,,"Phiếu mua hàng giảm 10% tối đa 300,000đ mua đèn năng lượng mặt trời"
172630,3640045000008,115893,75,Brother,Việt Nam,,Đang cập nhật,,Đang cập nhật,128 MB,macOS | Windows,,,USB 2.0 | Khe cắm thẻ nhớ,,,1200 x 6000 dpi,Đang cập nhật,,Đang cập nhật,,Đang cập nhật,,,Đang cập nhật,,,,Đang cập nhật,In phun màu,,,,"Phiếu mua hàng giảm 10% tối đa 300,000đ mua đèn năng lượng mặt trời"
172629,3640045000007,115892,75,Hp,Việt Nam,,Không,,6.6 kg,128 MB,Windows,,,USB 2.0,,,600 x 600 dpi,7.3 giây,,‎250-2000 trang/tháng,,Không,,,100 tờ,,,,380 W,In laser trắng đen,,,,"Phiếu mua hàng giảm 10% tối đa 300,000đ mua đèn năng lượng mặt trời"
172628,3640045000006,115891,75,Hp,Việt Nam,,Màn hình LED,,"4,7 kg",128 MB,macOS | Windows,,,USB 2.0,,,HP FastRes 1200 dpi | 600 x 600 dpi,7.3 giây,,150-1500 trang/tháng,HP 17A CF217A Đen,Wi-Fi Direct | In không dây | HP ePrint | Google Cloud Print 2.0 | Apple AirPrint,A4 | A6 | A5,,100 tờ,,,,380 W,In laser trắng đen,,,,"Phiếu mua hàng giảm 10% tối đa 300,000đ mua đèn năng lượng mặt trời"
172627,3640045000005,115890,75,Epson,Đang cập nhật,,Đang cập nhật,,5.5 kg,128 KB,Windows,,,LPT1 | USB 2.0,,,360 x 360 dpi,Đang cập nhật,,Đang cập nhật,,Đang cập nhật,,,Đang cập nhật,,,,Đang cập nhật,,,,,"Phiếu mua hàng giảm 10% tối đa 300,000đ mua đèn năng lượng mặt trời"
172626,3640045000004,115889,75,Brother,Đang cập nhật,,Đang cập nhật,,4.6 kg,1 MB,Windows,,,USB 2.0,,,2400 x 600 dpi,Đang cập nhật,,Đang cập nhật,,Đang cập nhật,,,150 tờ,,,,Đang cập nhật,In laser trắng đen,,,,"Phiếu mua hàng giảm 10% tối đa 300,000đ mua đèn năng lượng mặt trời"
172625,3640045000003,115888,75,Brother,Việt Nam,2014,Có màn hình,360,6,32 MB,macOS Catalina (10.15) | macOS Big Sur (11) | macOS Monterey (12.7) | macOS High Sierra (10.13) | macOS Mojave (10.14) | macOS Ventura (13.6/13.3) | Windows 7 | Windows 8 | Windows 8.1 | Windows 11 | Windows 10 | Windows XP | iOS | Android,Wi-Fi Direct | In bằng điện thoại | Wifi,Khoảng 2600 trang A4 (độ phủ 5%),USB 2.0 | LAN,356,183,2400 x 600 dpi,8 giây,30 trang/phút,‎250-2000 trang/tháng,Brother TN-2385 Đen,Wi-Fi Direct | iPrint & Scan | In không dây | Google Cloud Print 2.0 | In không dây qua mạng LAN | Apple AirPrint,A4 | B5 | A6 | Bao thư | Legal | Folio | Executive | A5,Giấy thường | Giấy bông | Bao thư mỏng | Bao thư dày | Giấy mỏng | Giấy dày | Bao thư | Giấy tái chế | Giấy nhãn,100 tờ,250 tờ,A4,AMD | ARM (chỉ in được 1 mặt) | Intel,537 W (Chế độ hoạt động) - 58 W (Chế độ sẵn sàng) - 5.4 W (Chế độ ngủ),In laser trắng đen,,4390000,,"Phiếu mua hàng giảm 10% tối đa 300,000đ mua đèn năng lượng mặt trời"
187980,3640045000002,115887,75,Brother,Việt Nam,2016,LCD 16 ký tự x 2 dòng,409,11,32 MB,macOS X 10.8.5 trở lên | Windows 7 | Windows 8 | Windows 8.1 | Windows XP,Wi-Fi Direct | In bằng điện thoại,Khoảng 2600 trang,USB 2.0 | LAN,398,316,600 x 600 dpi,8.5 giây,30 trang/phút,‎250-2000 trang/tháng,Brother TN-2385 Đen,Wi-Fi Direct | iPrint & Scan | In không dây | Apple AirPrint | Mopria,A4 | A6 | Bao thư | Legal | Folio | Executive | A5,,100 tờ,250 tờ,,,60 W,In laser trắng đen,,,,"Phiếu mua hàng giảm 10% tối đa 300,000đ mua đèn năng lượng mặt trời"
172624,3640045000001,115886,75,Canon,,,,,,,,,,,,,,,,,,,,,,,,,,,,,,
172646,1501466000100,115910,75,Canon,Trung Quốc,2007,Không,370,5,2 MB,Windows 7 | Windows 8 | Windows Vista | Windows 10 | Windows XP,,Khoảng 1000 - 1400 trang A4 (độ phủ 5%),USB 2.0,251,217,2400 x 600 dpi,9 giây,12 trang/phút,200-800 trang/tháng,Canon 303 Đen,Không,A4 | B5 | Bao thư | DL | Legal | Phong bì COM10 | Phong bì Monarch (98.4 x 190.5 mm) | Executive | Phong bì C5 | A5,,100 tờ,150 tờ,,,,In laser trắng đen,,,,"Phiếu mua hàng giảm 10% tối đa 300,000đ mua đèn năng lượng mặt trời"
192052,3641131000047,241291,75,Canon,,,,,,,,,,,,,,,,,,,,,,,,,,,,,,"Phiếu mua hàng giảm 10% tối đa 300,000đ mua đèn năng lượng mặt trời"
192052,3641131000049,241291,75,Canon,,,,,,,,,,,,,,,,,,,,,,,,,,,,,,"Phiếu mua hàng giảm 10% tối đa 300,000đ mua đèn năng lượng mặt trời"
177079,3641131000087,330628,75,Hp,Trung Quốc,2024,LCD 2 dòng,406,7,128 MB,OS X El Capitan (10.11) | macOS High Sierra (10.13) | macOS Mojave (10.14) | macOS Sierra (10.12) | Windows 7 | Windows 8 | Windows 8.1 | Windows 11 | Windows 10,Không,1500 trang,USB 2.0,359,253,1200 x 1200 dpi,8.3 giây,20 trang/phút,100-2000 trang/tháng,HP 110A Đen,Không,A4 | B5 (JIS) | Oficio | Phong bì C5 | DL envelope | A5,Giấy in màu | Giấy in phong bì | Giấy bạc halide | Giấy trơn | Giấy bông | Giấy in sẵn (Preprinted) | Giấy in bìa | Giấy in trái phiếu | Giấy mỏng | Giấy dày | Giấy tái chế | Giấy nhãn,100 tờ,150 tờ,,AMD | Intel,300 W (Chế độ hoạt động) - 38 W (Chế độ sẵn sàng),In laser trắng đen,,4290000,,"Phiếu mua hàng giảm 10% tối đa 300,000đ mua đèn năng lượng mặt trời"
177079,3641131000088,330629,75,Hp,Trung Quốc,2024,LCD 2 dòng,406,7,128 MB,OS X El Capitan (10.11) | macOS High Sierra (10.13) | macOS Mojave (10.14) | macOS Sierra (10.12) | Windows 7 | Windows 8 | Windows 8.1 | Windows 11 | Windows 10,Wifi,1500 trang,USB 2.0,359,253,1200 x 1200 dpi,8.3 giây,20 trang/phút,100-2000 trang/tháng,HP 110A Đen,,A4 | B5 (JIS) | Oficio | Phong bì C5 | DL envelope | A5,Giấy in màu | Giấy in phong bì | Giấy bạc halide | Giấy trơn | Giấy bông | Giấy in sẵn (Preprinted) | Giấy in bìa | Giấy in trái phiếu | Giấy mỏng | Giấy dày | Giấy tái chế | Giấy nhãn,100 tờ,150 tờ,,AMD | Intel,300 W (Chế độ hoạt động) - 38 W (Chế độ sẵn sàng),In laser trắng đen,,4590000,,"Phiếu mua hàng giảm 10% tối đa 300,000đ mua đèn năng lượng mặt trời"
189185,3641131000085,328756,75,Hp,Thái Lan,2024,Màn hình 1 inch,434,5,64 MB,Windows 11 | Windows 10,Không,Khoảng 6000 trang (Trắng đen) - 8000 trang (Màu),USB 2.0,361,157,1200 x 1200 dpi (In trắng đen) - 4800 x 1200 dpi (In màu),14 giây (Đen trắng) - 21 giây (Màu),22 trang/phút (Đen trắng) - 16 trang/phút (Màu),400-800 trang/tháng,HP GT53 1VV22AA Đen | HP GT52 M0H54AA Xanh dương | HP GT52 M0H55AA Hồng đỏ | HP GT52 M0H56AA Vàng,Không,A4 | B5 | A6 | Legal | DL envelope,Giấy thường | Giấy in phong bì | Giấy ảnh,30 tờ,100 tờ,,AMD | ARM 64 | Intel,2.588 W (Chế độ sẵn sàng) - 0.984 W (Chế độ ngủ),In phun màu,,3590000,,"Phiếu mua hàng giảm 10% tối đa 300,000đ mua đèn năng lượng mặt trời"
189185,3641131000097,328756,75,Hp,Thái Lan,2024,Màn hình 1 inch,434,5,64 MB,Windows 11 | Windows 10,Không,Khoảng 6000 trang (Trắng đen) - 8000 trang (Màu),USB 2.0,361,157,1200 x 1200 dpi (In trắng đen) - 4800 x 1200 dpi (In màu),14 giây (Đen trắng) - 21 giây (Màu),22 trang/phút (Đen trắng) - 16 trang/phút (Màu),400-800 trang/tháng,HP GT53 1VV22AA Đen | HP GT52 M0H54AA Xanh dương | HP GT52 M0H55AA Hồng đỏ | HP GT52 M0H56AA Vàng,Không,A4 | B5 | A6 | Legal | DL envelope,Giấy thường | Giấy in phong bì | Giấy ảnh,30 tờ,100 tờ,,AMD | ARM 64 | Intel,2.588 W (Chế độ sẵn sàng) - 0.984 W (Chế độ ngủ),In phun màu,,3590000,,"Phiếu mua hàng giảm 10% tối đa 300,000đ mua đèn năng lượng mặt trời"
